price_id,item_id,location_id,price,cost,effective_start_date,effective_end_date,change_reason
PRC00001,ITEM0001,,250.00,88.66,2024-07-01,2025-01-31,menu revision
PRC00002,ITEM0001,,260.00,93.07,2025-02-01,2025-08-31,inflation
PRC00003,ITEM0001,,270.00,95.57,2025-09-01,,inflation
PRC00004,ITEM0002,,200.00,67.63,2024-07-01,2025-01-31,menu revision
PRC00005,ITEM0002,,210.00,72.86,2025-02-01,2025-08-31,inflation
PRC00006,ITEM0002,,215.00,75.87,2025-09-01,,inflation
PRC00007,ITEM0003,,350.00,133.74,2024-07-01,2025-01-31,menu revision
PRC00008,ITEM0003,,360.00,139.35,2025-02-01,2025-06-30,inflation
PRC00009,ITEM0003,,380.00,139.35,2025-07-01,2025-08-31,seasonal
PRC00010,ITEM0003,,400.00,142.17,2025-09-01,2025-09-30,inflation
PRC00011,ITEM0003,,380.00,142.17,2025-10-01,,seasonal
PRC00012,ITEM0004,,550.00,205.81,2024-07-01,2025-01-31,menu revision
PRC00013,ITEM0004,,570.00,214.30,2025-02-01,2025-06-30,inflation
PRC00014,ITEM0004,,600.00,214.30,2025-07-01,2025-08-31,seasonal
PRC00015,ITEM0004,,620.00,220.14,2025-09-01,2025-09-30,inflation
PRC00016,ITEM0004,,590.00,220.14,2025-10-01,,seasonal
PRC00017,ITEM0005,,400.00,140.09,2024-07-01,2025-01-31,menu revision
PRC00018,ITEM0005,,420.00,149.00,2025-02-01,,inflation
PRC00019,ITEM0005,LOC0003,450.00,149.00,2025-03-01,,location premium
PRC00020,ITEM0005,LOC0006,450.00,149.00,2025-03-01,,location premium
PRC00021,ITEM0005,LOC0009,450.00,149.00,2025-03-01,,location premium
PRC00022,ITEM0005,LOC0014,450.00,149.00,2025-03-01,,location premium
PRC00023,ITEM0005,LOC0018,450.00,149.00,2025-03-01,,location premium
PRC00024,ITEM0005,LOC0024,450.00,149.00,2025-03-01,,location premium
PRC00025,ITEM0005,LOC0025,450.00,149.00,2025-03-01,,location premium
PRC00026,ITEM0006,,750.00,275.83,2024-07-01,2025-01-31,menu revision
PRC00027,ITEM0006,,770.00,296.28,2025-02-01,,inflation
PRC00028,ITEM0006,LOC0003,830.00,296.28,2025-03-01,,location premium
PRC00029,ITEM0006,LOC0006,830.00,296.28,2025-03-01,,location premium
PRC00030,ITEM0006,LOC0009,830.00,296.28,2025-03-01,,location premium
PRC00031,ITEM0006,LOC0014,830.00,296.28,2025-03-01,,location premium
PRC00032,ITEM0006,LOC0018,830.00,296.28,2025-03-01,,location premium
PRC00033,ITEM0006,LOC0024,830.00,296.28,2025-03-01,,location premium
PRC00034,ITEM0006,LOC0025,830.00,296.28,2025-03-01,,location premium
PRC00035,ITEM0007,,1650.00,664.76,2024-07-01,2025-01-31,menu revision
PRC00036,ITEM0007,,1710.00,711.90,2025-02-01,2025-04-30,inflation
PRC00037,ITEM0007,,1570.00,711.90,2025-05-01,,promotion-adjustment
PRC00038,ITEM0008,,950.00,146.52,2024-07-01,2025-01-31,menu revision
PRC00039,ITEM0008,,990.00,157.77,2025-02-01,2025-08-31,inflation
PRC00040,ITEM0008,,1030.00,165.58,2025-09-01,,inflation
PRC00041,ITEM0009,,450.00,166.20,2024-07-01,2025-01-31,menu revision
PRC00042,ITEM0009,,470.00,178.25,2025-02-01,2025-08-31,inflation
PRC00043,ITEM0009,,490.00,185.03,2025-09-01,,inflation
PRC00044,ITEM0010,,1220.00,552.35,2025-06-12,2025-07-02,introductory price
PRC00045,ITEM0010,,1350.00,552.35,2025-07-03,2025-08-31,introductory offer ended
PRC00046,ITEM0010,,1390.00,568.66,2025-09-01,,inflation
PRC00047,ITEM0011,,890.00,319.15,2024-07-01,2025-01-31,menu revision
PRC00048,ITEM0011,,920.00,332.30,2025-02-01,2025-08-31,inflation
PRC00049,ITEM0011,,940.00,340.59,2025-09-01,,inflation
PRC00050,ITEM0011,LOC0003,990.00,332.30,2025-03-01,2025-08-31,location premium
PRC00051,ITEM0011,LOC0003,1020.00,340.59,2025-09-01,,location premium
PRC00052,ITEM0011,LOC0006,990.00,332.30,2025-03-01,2025-08-31,location premium
PRC00053,ITEM0011,LOC0006,1020.00,340.59,2025-09-01,,location premium
PRC00054,ITEM0011,LOC0009,990.00,332.30,2025-03-01,2025-08-31,location premium
PRC00055,ITEM0011,LOC0009,1020.00,340.59,2025-09-01,,location premium
PRC00056,ITEM0011,LOC0014,990.00,332.30,2025-03-01,2025-08-31,location premium
PRC00057,ITEM0011,LOC0014,1020.00,340.59,2025-09-01,,location premium
PRC00058,ITEM0011,LOC0018,990.00,332.30,2025-03-01,2025-08-31,location premium
PRC00059,ITEM0011,LOC0018,1020.00,340.59,2025-09-01,,location premium
PRC00060,ITEM0011,LOC0024,990.00,332.30,2025-03-01,2025-08-31,location premium
PRC00061,ITEM0011,LOC0024,1020.00,340.59,2025-09-01,,location premium
PRC00062,ITEM0011,LOC0025,990.00,332.30,2025-03-01,2025-08-31,location premium
PRC00063,ITEM0011,LOC0025,1020.00,340.59,2025-09-01,,location premium
PRC00064,ITEM0012,,850.00,376.85,2024-07-01,2025-01-31,menu revision
PRC00065,ITEM0012,,900.00,402.60,2025-02-01,,inflation
PRC00066,ITEM0013,,380.00,166.87,2024-07-01,2025-01-31,menu revision
PRC00067,ITEM0013,,400.00,179.48,2025-02-01,2025-06-30,inflation
PRC00068,ITEM0013,,420.00,179.48,2025-07-01,2025-09-30,seasonal
PRC00069,ITEM0013,,400.00,179.48,2025-10-01,,seasonal
PRC00070,ITEM0014,,470.00,172.13,2024-11-01,2025-02-28,seasonal
PRC00071,ITEM0014,,450.00,172.13,2025-03-01,2025-03-14,seasonal
PRC00072,ITEM0014,,470.00,180.01,2025-03-15,2025-10-31,inflation
PRC00073,ITEM0014,,490.00,180.01,2025-11-01,,seasonal
PRC00074,ITEM0015,,500.00,174.09,2024-11-01,2025-02-28,seasonal
PRC00075,ITEM0015,,480.00,174.09,2025-03-01,2025-03-14,seasonal
PRC00076,ITEM0015,,500.00,184.59,2025-03-15,2025-10-31,inflation
PRC00077,ITEM0015,,520.00,184.59,2025-11-01,,seasonal
PRC00078,ITEM0016,,550.00,202.60,2024-11-01,2025-02-28,seasonal
PRC00079,ITEM0016,,520.00,202.60,2025-03-01,2025-03-14,seasonal
PRC00080,ITEM0016,,540.00,210.83,2025-03-15,2025-10-31,inflation
PRC00081,ITEM0016,,560.00,210.83,2025-11-01,,seasonal
PRC00082,ITEM0017,,650.00,279.70,2024-07-01,2025-03-14,menu revision
PRC00083,ITEM0017,,680.00,292.31,2025-03-15,,inflation
PRC00084,ITEM0018,,580.00,222.66,2024-11-01,2025-02-28,seasonal
PRC00085,ITEM0018,,550.00,222.66,2025-03-01,2025-03-14,seasonal
PRC00086,ITEM0018,,590.00,236.34,2025-03-15,2025-10-31,inflation
PRC00087,ITEM0018,,620.00,236.34,2025-11-01,,seasonal
PRC00088,ITEM0019,,350.00,148.60,2024-07-01,2025-03-14,menu revision
PRC00089,ITEM0019,,360.00,154.84,2025-03-15,,inflation
PRC00090,ITEM0019,LOC0003,380.00,148.60,2025-03-01,2025-03-14,location premium
PRC00091,ITEM0019,LOC0003,390.00,154.84,2025-03-15,,location premium
PRC00092,ITEM0019,LOC0006,380.00,148.60,2025-03-01,2025-03-14,location premium
PRC00093,ITEM0019,LOC0006,390.00,154.84,2025-03-15,,location premium
PRC00094,ITEM0019,LOC0009,380.00,148.60,2025-03-01,2025-03-14,location premium
PRC00095,ITEM0019,LOC0009,390.00,154.84,2025-03-15,,location premium
PRC00096,ITEM0019,LOC0014,380.00,148.60,2025-03-01,2025-03-14,location premium
PRC00097,ITEM0019,LOC0014,390.00,154.84,2025-03-15,,location premium
PRC00098,ITEM0019,LOC0018,380.00,148.60,2025-03-01,2025-03-14,location premium
PRC00099,ITEM0019,LOC0018,390.00,154.84,2025-03-15,,location premium
PRC00100,ITEM0019,LOC0024,380.00,148.60,2025-03-01,2025-03-14,location premium
PRC00101,ITEM0019,LOC0024,390.00,154.84,2025-03-15,,location premium
PRC00102,ITEM0019,LOC0025,380.00,148.60,2025-03-01,2025-03-14,location premium
PRC00103,ITEM0019,LOC0025,390.00,154.84,2025-03-15,,location premium
PRC00104,ITEM0020,,780.00,303.62,2024-07-01,2025-03-14,menu revision
PRC00105,ITEM0020,,810.00,323.82,2025-03-15,,inflation
PRC00106,ITEM0021,,420.00,168.96,2024-07-01,2025-03-14,menu revision
PRC00107,ITEM0021,,430.00,179.74,2025-03-15,2025-08-31,inflation
PRC00108,ITEM0021,,450.00,184.70,2025-09-01,,inflation
PRC00109,ITEM0022,,480.00,164.43,2024-11-01,2025-02-28,seasonal
PRC00110,ITEM0022,,460.00,164.43,2025-03-01,2025-03-14,seasonal
PRC00111,ITEM0022,,490.00,174.65,2025-03-15,2025-04-30,inflation
PRC00112,ITEM0023,,450.00,186.99,2024-07-01,2025-01-31,menu revision
PRC00113,ITEM0023,,470.00,200.14,2025-02-01,,inflation
PRC00114,ITEM0024,,750.00,259.73,2024-07-01,2025-01-31,menu revision
PRC00115,ITEM0024,,790.00,275.47,2025-02-01,2025-08-31,inflation
PRC00116,ITEM0024,,820.00,285.28,2025-09-01,,inflation
PRC00117,ITEM0025,,780.00,320.05,2024-07-01,2025-01-31,menu revision
PRC00118,ITEM0025,,820.00,334.06,2025-02-01,,inflation
PRC00119,ITEM0025,LOC0003,890.00,334.06,2025-03-01,,location premium
PRC00120,ITEM0025,LOC0006,890.00,334.06,2025-03-01,,location premium
PRC00121,ITEM0025,LOC0009,890.00,334.06,2025-03-01,,location premium
PRC00122,ITEM0025,LOC0014,890.00,334.06,2025-03-01,,location premium
PRC00123,ITEM0025,LOC0018,890.00,334.06,2025-03-01,,location premium
PRC00124,ITEM0025,LOC0024,890.00,334.06,2025-03-01,,location premium
PRC00125,ITEM0025,LOC0025,890.00,334.06,2025-03-01,,location premium
PRC00126,ITEM0026,,520.00,224.58,2024-07-01,2025-01-31,menu revision
PRC00127,ITEM0026,,540.00,239.70,2025-02-01,2025-08-31,inflation
PRC00128,ITEM0026,,570.00,245.78,2025-09-01,,inflation
PRC00129,ITEM0027,,400.00,134.87,2024-07-01,2025-01-31,menu revision
PRC00130,ITEM0027,,420.00,144.90,2025-02-01,2025-03-31,inflation
PRC00131,ITEM0027,,440.00,144.90,2025-04-01,2025-08-31,seasonal
PRC00132,ITEM0027,,420.00,144.90,2025-09-01,,seasonal
PRC00133,ITEM0028,,380.00,151.95,2024-07-01,2025-01-31,menu revision
PRC00134,ITEM0028,,390.00,160.88,2025-02-01,2025-06-30,inflation
PRC00135,ITEM0028,,410.00,160.88,2025-07-01,2025-09-30,seasonal
PRC00136,ITEM0028,,390.00,160.88,2025-10-01,,seasonal
PRC00137,ITEM0029,,890.00,295.80,2024-07-01,2025-01-31,menu revision
PRC00138,ITEM0029,,950.00,312.12,2025-02-01,,inflation
PRC00139,ITEM0029,LOC0003,1030.00,312.12,2025-03-01,,location premium
PRC00140,ITEM0029,LOC0006,1030.00,312.12,2025-03-01,,location premium
PRC00141,ITEM0029,LOC0009,1030.00,312.12,2025-03-01,,location premium
PRC00142,ITEM0029,LOC0014,1030.00,312.12,2025-03-01,,location premium
PRC00143,ITEM0029,LOC0018,1030.00,312.12,2025-03-01,,location premium
PRC00144,ITEM0029,LOC0024,1030.00,312.12,2025-03-01,,location premium
PRC00145,ITEM0029,LOC0025,1030.00,312.12,2025-03-01,,location premium
PRC00146,ITEM0030,,250.00,103.59,2024-07-01,2025-01-31,menu revision
PRC00147,ITEM0030,,265.00,110.76,2025-02-01,,inflation
PRC00148,ITEM0030,LOC0003,285.00,110.76,2025-03-01,,location premium
PRC00149,ITEM0030,LOC0006,285.00,110.76,2025-03-01,,location premium
PRC00150,ITEM0030,LOC0009,285.00,110.76,2025-03-01,,location premium
PRC00151,ITEM0030,LOC0014,285.00,110.76,2025-03-01,,location premium
PRC00152,ITEM0030,LOC0018,285.00,110.76,2025-03-01,,location premium
PRC00153,ITEM0030,LOC0024,285.00,110.76,2025-03-01,,location premium
PRC00154,ITEM0030,LOC0025,285.00,110.76,2025-03-01,,location premium
PRC00155,ITEM0031,,990.00,364.08,2025-03-10,2025-03-30,introductory price
PRC00156,ITEM0031,,1100.00,364.08,2025-03-31,,introductory offer ended
PRC00157,ITEM0031,LOC0003,1070.00,364.08,2025-03-10,2025-03-30,location premium
PRC00158,ITEM0031,LOC0003,1190.00,364.08,2025-03-31,,location premium
PRC00159,ITEM0031,LOC0006,1070.00,364.08,2025-03-10,2025-03-30,location premium
PRC00160,ITEM0031,LOC0006,1190.00,364.08,2025-03-31,,location premium
PRC00161,ITEM0031,LOC0009,1070.00,364.08,2025-03-10,2025-03-30,location premium
PRC00162,ITEM0031,LOC0009,1190.00,364.08,2025-03-31,,location premium
PRC00163,ITEM0031,LOC0014,1070.00,364.08,2025-03-10,2025-03-30,location premium
PRC00164,ITEM0031,LOC0014,1190.00,364.08,2025-03-31,,location premium
PRC00166,ITEM0031,LOC0018,1190.00,364.08,2025-03-31,,location premium
PRC00167,ITEM0031,LOC0024,1070.00,364.08,2025-03-10,2025-03-30,location premium
PRC00168,ITEM0031,LOC0024,1190.00,364.08,2025-03-31,,location premium
PRC00169,ITEM0031,LOC0025,1070.00,364.08,2025-03-10,2025-03-30,location premium
PRC00170,ITEM0031,LOC0025,1190.00,364.08,2025-03-31,,location premium
PRC00171,ITEM0032,,750.00,331.25,2024-07-01,2025-03-14,menu revision
PRC00172,ITEM0032,,780.00,356.48,2025-03-15,,inflation
PRC00173,ITEM0032,LOC0003,810.00,331.25,2025-03-01,2025-03-14,location premium
PRC00174,ITEM0032,LOC0003,840.00,356.48,2025-03-15,,location premium
PRC00175,ITEM0032,LOC0006,810.00,331.25,2025-03-01,2025-03-14,location premium
PRC00176,ITEM0032,LOC0006,840.00,356.48,2025-03-15,,location premium
PRC00177,ITEM0032,LOC0009,810.00,331.25,2025-03-01,2025-03-14,location premium
PRC00178,ITEM0032,LOC0009,840.00,356.48,2025-03-15,,location premium
PRC00179,ITEM0032,LOC0014,810.00,331.25,2025-03-01,2025-03-14,location premium
PRC00180,ITEM0032,LOC0014,840.00,356.48,2025-03-15,,location premium
PRC00181,ITEM0032,LOC0018,810.00,331.25,2025-03-01,2025-03-14,location premium
PRC00182,ITEM0032,LOC0018,840.00,356.48,2025-03-15,,location premium
PRC00183,ITEM0032,LOC0024,810.00,331.25,2025-03-01,2025-03-14,location premium
PRC00184,ITEM0032,LOC0024,840.00,356.48,2025-03-15,,location premium
PRC00185,ITEM0032,LOC0025,810.00,331.25,2025-03-01,2025-03-14,location premium
PRC00186,ITEM0032,LOC0025,840.00,356.48,2025-03-15,,location premium
PRC00187,ITEM0033,,850.00,287.18,2024-07-01,2025-03-14,menu revision
PRC00188,ITEM0033,,900.00,299.82,2025-03-15,2025-08-31,inflation
PRC00189,ITEM0033,,940.00,306.02,2025-09-01,,inflation
PRC00190,ITEM0034,,950.00,422.42,2024-07-01,2025-03-14,menu revision
PRC00191,ITEM0034,,1020.00,445.69,2025-03-15,2025-07-14,inflation
PRC00192,ITEM0034,,1220.00,445.69,2025-07-15,,menu repricing
PRC00193,ITEM0035,,900.00,381.70,2024-07-01,2025-03-14,menu revision
PRC00194,ITEM0035,,960.00,403.00,2025-03-15,2025-08-31,inflation
PRC00195,ITEM0035,,1000.00,418.08,2025-09-01,,inflation
PRC00196,ITEM0036,,800.00,317.74,2024-07-01,2025-03-14,menu revision
PRC00197,ITEM0036,,840.00,338.10,2025-03-15,,inflation
PRC00198,ITEM0037,,2200.00,927.83,2024-07-01,2025-03-14,menu revision
PRC00199,ITEM0037,,2310.00,972.25,2025-03-15,2025-08-31,inflation
PRC00200,ITEM0037,,2380.00,995.51,2025-09-01,,inflation
PRC00201,ITEM0038,,1100.00,465.70,2024-07-01,2025-03-14,menu revision
PRC00202,ITEM0038,,1140.00,497.08,2025-03-15,2025-08-31,inflation
PRC00203,ITEM0038,,1200.00,510.66,2025-09-01,,inflation
PRC00204,ITEM0039,,950.00,420.83,2024-07-01,2025-03-14,menu revision
PRC00205,ITEM0039,,980.00,450.35,2025-03-15,,inflation
PRC00206,ITEM0040,,700.00,247.06,2024-07-01,2025-03-14,menu revision
PRC00207,ITEM0040,,730.00,258.94,2025-03-15,2025-08-31,inflation
PRC00208,ITEM0040,,750.00,267.75,2025-09-01,,inflation
PRC00209,ITEM0041,,1200.00,476.05,2024-07-01,2025-03-14,menu revision
PRC00210,ITEM0041,,1250.00,495.95,2025-03-15,2025-08-31,inflation
PRC00211,ITEM0041,,1310.00,515.58,2025-09-01,,inflation
PRC00212,ITEM0042,,5500.00,2384.10,2024-07-01,2025-03-14,menu revision
PRC00213,ITEM0042,,5770.00,2490.02,2025-03-15,2025-04-30,inflation
PRC00214,ITEM0042,,5310.00,2490.02,2025-05-01,2025-08-31,promotion-adjustment
PRC00215,ITEM0042,,5470.00,2596.95,2025-09-01,,inflation
PRC00216,ITEM0043,,4800.00,1920.49,2024-07-01,2025-03-14,menu revision
PRC00217,ITEM0043,,5110.00,2066.57,2025-03-15,,inflation
PRC00218,ITEM0044,,1350.00,462.06,2024-07-01,2025-03-14,menu revision
PRC00219,ITEM0044,,1440.00,498.16,2025-03-15,2025-08-31,inflation
PRC00220,ITEM0044,,1480.00,512.67,2025-09-01,,inflation
PRC00221,ITEM0044,LOC0003,1460.00,462.06,2025-03-01,2025-03-14,location premium
PRC00222,ITEM0044,LOC0003,1560.00,498.16,2025-03-15,2025-08-31,location premium
PRC00223,ITEM0044,LOC0003,1600.00,512.67,2025-09-01,,location premium
PRC00224,ITEM0044,LOC0006,1460.00,462.06,2025-03-01,2025-03-14,location premium
PRC00225,ITEM0044,LOC0006,1560.00,498.16,2025-03-15,2025-08-31,location premium
PRC00226,ITEM0044,LOC0006,1600.00,512.67,2025-09-01,,location premium
PRC00227,ITEM0044,LOC0009,1460.00,462.06,2025-03-01,2025-03-14,location premium
PRC00228,ITEM0044,LOC0009,1560.00,498.16,2025-03-15,2025-08-31,location premium
PRC00229,ITEM0044,LOC0009,1600.00,512.67,2025-09-01,,location premium
PRC00230,ITEM0044,LOC0014,1460.00,462.06,2025-03-01,2025-03-14,location premium
PRC00231,ITEM0044,LOC0014,1560.00,498.16,2025-03-15,2025-08-31,location premium
PRC00232,ITEM0044,LOC0014,1600.00,512.67,2025-09-01,,location premium
PRC00233,ITEM0044,LOC0018,1460.00,462.06,2025-03-01,2025-03-14,location premium
PRC00234,ITEM0044,LOC0018,1560.00,498.16,2025-03-15,2025-08-31,location premium
PRC00236,ITEM0044,LOC0024,1460.00,462.06,2025-03-01,2025-03-14,location premium
PRC00237,ITEM0044,LOC0024,1560.00,498.16,2025-03-15,2025-08-31,location premium
PRC00238,ITEM0044,LOC0024,1600.00,512.67,2025-09-01,,location premium
PRC00239,ITEM0044,LOC0025,1460.00,462.06,2025-03-01,2025-03-14,location premium
PRC00240,ITEM0044,LOC0025,1560.00,498.16,2025-03-15,2025-08-31,location premium
PRC00241,ITEM0044,LOC0025,1600.00,512.67,2025-09-01,,location premium
PRC00242,ITEM0045,,1450.00,570.49,2024-07-01,2025-01-31,menu revision
PRC00243,ITEM0045,,1530.00,595.53,2025-02-01,,inflation
PRC00244,ITEM0046,,2600.00,1025.48,2024-07-01,2025-01-31,menu revision
PRC00246,ITEM0046,,2820.00,1115.76,2025-09-01,,inflation
PRC00247,ITEM0047,,1550.00,589.90,2024-07-01,2025-01-31,menu revision
PRC00248,ITEM0047,,1650.00,627.28,2025-02-01,,inflation
PRC00249,ITEM0047,LOC0003,1780.00,627.28,2025-03-01,,location premium
PRC00250,ITEM0047,LOC0006,1780.00,627.28,2025-03-01,,location premium
PRC00252,ITEM0047,LOC0014,1780.00,627.28,2025-03-01,,location premium
PRC00253,ITEM0047,LOC0018,1780.00,627.28,2025-03-01,,location premium
PRC00254,ITEM0047,LOC0024,1780.00,627.28,2025-03-01,,location premium
PRC00255,ITEM0047,LOC0025,1780.00,627.28,2025-03-01,,location premium
PRC00256,ITEM0048,,1400.00,543.12,2024-07-01,2025-01-31,menu revision
PRC00257,ITEM0048,,1460.00,572.91,2025-02-01,2025-08-31,inflation
PRC00259,ITEM0049,,2450.00,1027.31,2024-07-01,2025-01-31,menu revision
PRC00260,ITEM0049,,2540.00,1107.09,2025-02-01,2025-08-31,inflation
PRC00261,ITEM0049,,2660.00,1132.57,2025-09-01,,inflation
PRC00262,ITEM0049,LOC0003,2740.00,1107.09,2025-03-01,2025-08-31,location premium
PRC00263,ITEM0049,LOC0003,2870.00,1132.57,2025-09-01,,location premium
PRC00264,ITEM0049,LOC0006,2740.00,1107.09,2025-03-01,2025-08-31,location premium
PRC00265,ITEM0049,LOC0006,2870.00,1132.57,2025-09-01,,location premium
PRC00266,ITEM0049,LOC0009,2740.00,1107.09,2025-03-01,2025-08-31,location premium
PRC00267,ITEM0049,LOC0009,2870.00,1132.57,2025-09-01,,location premium
PRC00268,ITEM0049,LOC0014,2740.00,1107.09,2025-03-01,2025-08-31,location premium
PRC00269,ITEM0049,LOC0014,2870.00,1132.57,2025-09-01,,location premium
PRC00270,ITEM0049,LOC0018,2740.00,1107.09,2025-03-01,2025-08-31,location premium
PRC00271,ITEM0049,LOC0018,2870.00,1132.57,2025-09-01,,location premium
PRC00272,ITEM0049,LOC0024,2740.00,1107.09,2025-03-01,2025-08-31,location premium
PRC00273,ITEM0049,LOC0024,2870.00,1132.57,2025-09-01,,location premium
PRC00274,ITEM0049,LOC0025,2740.00,1107.09,2025-03-01,2025-08-31,location premium
PRC00275,ITEM0049,LOC0025,2870.00,1132.57,2025-09-01,,location premium
PRC00276,ITEM0050,,1650.00,699.44,2024-07-01,2025-01-31,menu revision
PRC00277,ITEM0050,,1720.00,751.10,2025-02-01,2025-08-31,inflation
PRC00278,ITEM0050,,1770.00,776.26,2025-09-01,,inflation
PRC00279,ITEM0050,LOC0003,1860.00,751.10,2025-03-01,2025-08-31,location premium
PRC00280,ITEM0050,LOC0003,1910.00,776.26,2025-09-01,,location premium
PRC00281,ITEM0050,LOC0006,1860.00,751.10,2025-03-01,2025-08-31,location premium
PRC00282,ITEM0050,LOC0006,1910.00,776.26,2025-09-01,,location premium
PRC00283,ITEM0050,LOC0009,1860.00,751.10,2025-03-01,2025-08-31,location premium
PRC00284,ITEM0050,LOC0009,1910.00,776.26,2025-09-01,,location premium
PRC00285,ITEM0050,LOC0014,1860.00,751.10,2025-03-01,2025-08-31,location premium
PRC00286,ITEM0050,LOC0014,1910.00,776.26,2025-09-01,,location premium
PRC00287,ITEM0050,LOC0018,1860.00,751.10,2025-03-01,2025-08-31,location premium
PRC00288,ITEM0050,LOC0018,1910.00,776.26,2025-09-01,,location premium
PRC00289,ITEM0050,LOC0024,1860.00,751.10,2025-03-01,2025-08-31,location premium
PRC00290,ITEM0050,LOC0024,1910.00,776.26,2025-09-01,,location premium
PRC00291,ITEM0050,LOC0025,1860.00,751.10,2025-03-01,2025-08-31,location premium
PRC00292,ITEM0050,LOC0025,1910.00,776.26,2025-09-01,,location premium
PRC00293,ITEM0051,,650.00,249.59,2024-07-01,2025-01-31,menu revision
PRC00294,ITEM0051,,680.00,266.66,2025-02-01,,inflation
PRC00295,ITEM0051,LOC0003,730.00,266.66,2025-03-01,,location premium
PRC00296,ITEM0051,LOC0006,730.00,266.66,2025-03-01,,location premium
PRC00297,ITEM0051,LOC0009,730.00,266.66,2025-03-01,,location premium
PRC00298,ITEM0051,LOC0014,730.00,266.66,2025-03-01,,location premium
PRC00299,ITEM0051,LOC0018,730.00,266.66,2025-03-01,,location premium
PRC00300,ITEM0051,LOC0024,730.00,266.66,2025-03-01,,location premium
PRC00301,ITEM0051,LOC0025,730.00,266.66,2025-03-01,,location premium
PRC00302,ITEM0052,,750.00,298.46,2024-07-01,2025-01-31,menu revision
PRC00303,ITEM0052,,800.00,314.45,2025-02-01,,inflation
PRC00304,ITEM0053,,1250.00,551.33,2024-07-01,2025-01-31,menu revision
PRC00305,ITEM0053,,1300.00,578.78,2025-02-01,2025-08-31,inflation
PRC00306,ITEM0053,,1360.00,605.77,2025-09-01,,inflation
PRC00307,ITEM0053,LOC0003,1400.00,578.78,2025-03-01,2025-08-31,location premium
PRC00308,ITEM0053,LOC0003,1470.00,605.77,2025-09-01,,location premium
PRC00309,ITEM0053,LOC0006,1400.00,578.78,2025-03-01,2025-08-31,location premium
PRC00310,ITEM0053,LOC0006,1470.00,605.77,2025-09-01,,location premium
PRC00311,ITEM0053,LOC0009,1400.00,578.78,2025-03-01,2025-08-31,location premium
PRC00312,ITEM0053,LOC0009,1470.00,605.77,2025-09-01,,location premium
PRC00313,ITEM0053,LOC0014,1400.00,578.78,2025-03-01,2025-08-31,location premium
PRC00314,ITEM0053,LOC0014,1470.00,605.77,2025-09-01,,location premium
PRC00315,ITEM0053,LOC0018,1400.00,578.78,2025-03-01,2025-08-31,location premium
PRC00316,ITEM0053,LOC0018,1470.00,605.77,2025-09-01,,location premium
PRC00318,ITEM0053,LOC0024,1470.00,605.77,2025-09-01,,location premium
PRC00319,ITEM0053,LOC0025,1400.00,578.78,2025-03-01,2025-08-31,location premium
PRC00320,ITEM0053,LOC0025,1470.00,605.77,2025-09-01,,location premium
PRC00321,ITEM0054,,1210.00,385.90,2024-11-01,2025-01-31,seasonal
PRC00322,ITEM0054,,1280.00,409.33,2025-02-01,2025-02-28,inflation
PRC00323,ITEM0054,,1220.00,409.33,2025-03-01,2025-08-31,seasonal
PRC00324,ITEM0054,,1260.00,424.10,2025-09-01,2025-10-31,inflation
PRC00325,ITEM0054,,1330.00,424.10,2025-11-01,,seasonal
PRC00326,ITEM0054,LOC0003,1320.00,409.33,2025-03-01,2025-08-31,location premium
PRC00327,ITEM0054,LOC0003,1360.00,424.10,2025-09-01,2025-10-31,location premium
PRC00328,ITEM0054,LOC0003,1440.00,424.10,2025-11-01,,location premium
PRC00329,ITEM0054,LOC0006,1320.00,409.33,2025-03-01,2025-08-31,location premium
PRC00330,ITEM0054,LOC0006,1360.00,424.10,2025-09-01,2025-10-31,location premium
PRC00331,ITEM0054,LOC0006,1440.00,424.10,2025-11-01,,location premium
PRC00332,ITEM0054,LOC0009,1320.00,409.33,2025-03-01,2025-08-31,location premium
PRC00333,ITEM0054,LOC0009,1360.00,424.10,2025-09-01,2025-10-31,location premium
PRC00334,ITEM0054,LOC0009,1440.00,424.10,2025-11-01,,location premium
PRC00335,ITEM0054,LOC0014,1320.00,409.33,2025-03-01,2025-08-31,location premium
PRC00336,ITEM0054,LOC0014,1360.00,424.10,2025-09-01,2025-10-31,location premium
PRC00337,ITEM0054,LOC0014,1440.00,424.10,2025-11-01,,location premium
PRC00338,ITEM0054,LOC0018,1320.00,409.33,2025-03-01,2025-08-31,location premium
PRC00339,ITEM0054,LOC0018,1360.00,424.10,2025-09-01,2025-10-31,location premium
PRC00340,ITEM0054,LOC0018,1440.00,424.10,2025-11-01,,location premium
PRC00341,ITEM0054,LOC0024,1320.00,409.33,2025-03-01,2025-08-31,location premium
PRC00342,ITEM0054,LOC0024,1360.00,424.10,2025-09-01,2025-10-31,location premium
PRC00343,ITEM0054,LOC0024,1440.00,424.10,2025-11-01,,location premium
PRC00344,ITEM0054,LOC0025,1320.00,409.33,2025-03-01,2025-08-31,location premium
PRC00345,ITEM0054,LOC0025,1360.00,424.10,2025-09-01,2025-10-31,location premium
PRC00346,ITEM0054,LOC0025,1440.00,424.10,2025-11-01,,location premium
PRC00347,ITEM0055,,680.00,217.90,2024-11-01,2025-01-31,seasonal
PRC00348,ITEM0055,,710.00,227.76,2025-02-01,2025-02-28,inflation
PRC00349,ITEM0055,,680.00,227.76,2025-03-01,2025-08-31,seasonal
PRC00350,ITEM0055,,710.00,235.61,2025-09-01,2025-10-31,inflation
PRC00351,ITEM0055,,750.00,235.61,2025-11-01,,seasonal
PRC00352,ITEM0056,,1350.00,447.39,2024-07-01,2025-01-31,menu revision
PRC00353,ITEM0056,,1440.00,468.22,2025-02-01,,inflation
PRC00354,ITEM0057,,650.00,425.65,2024-07-01,2025-03-14,menu revision
PRC00355,ITEM0057,,670.00,446.99,2025-03-15,2025-08-31,inflation
PRC00356,ITEM0057,,690.00,468.22,2025-09-01,,inflation
PRC00357,ITEM0058,,950.00,355.70,2024-07-01,2025-03-14,menu revision
PRC00358,ITEM0058,,990.00,378.58,2025-03-15,2025-05-31,inflation
PRC00359,ITEM0058,,1210.00,378.58,2025-06-01,2025-08-31,menu repricing
PRC00360,ITEM0058,,1250.00,392.19,2025-09-01,,inflation
PRC00361,ITEM0059,,700.00,294.46,2024-07-01,2025-03-14,menu revision
PRC00362,ITEM0059,,730.00,317.89,2025-03-15,,inflation
PRC00363,ITEM0059,LOC0003,760.00,294.46,2025-03-01,2025-03-14,location premium
PRC00364,ITEM0059,LOC0003,790.00,317.89,2025-03-15,,location premium
PRC00365,ITEM0059,LOC0006,760.00,294.46,2025-03-01,2025-03-14,location premium
PRC00366,ITEM0059,LOC0006,790.00,317.89,2025-03-15,,location premium
PRC00367,ITEM0059,LOC0009,760.00,294.46,2025-03-01,2025-03-14,location premium
PRC00368,ITEM0059,LOC0009,790.00,317.89,2025-03-15,,location premium
PRC00369,ITEM0059,LOC0014,760.00,294.46,2025-03-01,2025-03-14,location premium
PRC00370,ITEM0059,LOC0014,790.00,317.89,2025-03-15,,location premium
PRC00371,ITEM0059,LOC0018,760.00,294.46,2025-03-01,2025-03-14,location premium
PRC00372,ITEM0059,LOC0018,790.00,317.89,2025-03-15,,location premium
PRC00373,ITEM0059,LOC0024,760.00,294.46,2025-03-01,2025-03-14,location premium
PRC00374,ITEM0059,LOC0024,790.00,317.89,2025-03-15,,location premium
PRC00375,ITEM0059,LOC0025,760.00,294.46,2025-03-01,2025-03-14,location premium
PRC00376,ITEM0059,LOC0025,790.00,317.89,2025-03-15,,location premium
PRC00377,ITEM0060,,750.00,305.45,2024-07-01,2025-03-14,menu revision
PRC00378,ITEM0060,,790.00,323.39,2025-03-15,2025-08-31,inflation
PRC00379,ITEM0060,,830.00,333.17,2025-09-01,,inflation
PRC00380,ITEM0060,LOC0003,810.00,305.45,2025-03-01,2025-03-14,location premium
PRC00381,ITEM0060,LOC0003,850.00,323.39,2025-03-15,2025-08-31,location premium
PRC00382,ITEM0060,LOC0003,900.00,333.17,2025-09-01,,location premium
PRC00383,ITEM0060,LOC0006,810.00,305.45,2025-03-01,2025-03-14,location premium
PRC00384,ITEM0060,LOC0006,850.00,323.39,2025-03-15,2025-08-31,location premium
PRC00385,ITEM0060,LOC0006,900.00,333.17,2025-09-01,,location premium
PRC00386,ITEM0060,LOC0009,810.00,305.45,2025-03-01,2025-03-14,location premium
PRC00387,ITEM0060,LOC0009,850.00,323.39,2025-03-15,2025-08-31,location premium
PRC00388,ITEM0060,LOC0009,900.00,333.17,2025-09-01,,location premium
PRC00389,ITEM0060,LOC0014,810.00,305.45,2025-03-01,2025-03-14,location premium
PRC00390,ITEM0060,LOC0014,850.00,323.39,2025-03-15,2025-08-31,location premium
PRC00391,ITEM0060,LOC0014,900.00,333.17,2025-09-01,,location premium
PRC00392,ITEM0060,LOC0018,810.00,305.45,2025-03-01,2025-03-14,location premium
PRC00393,ITEM0060,LOC0018,850.00,323.39,2025-03-15,2025-08-31,location premium
PRC00394,ITEM0060,LOC0018,900.00,333.17,2025-09-01,,location premium
PRC00395,ITEM0060,LOC0024,810.00,305.45,2025-03-01,2025-03-14,location premium
PRC00396,ITEM0060,LOC0024,850.00,323.39,2025-03-15,2025-08-31,location premium
PRC00397,ITEM0060,LOC0024,900.00,333.17,2025-09-01,,location premium
PRC00398,ITEM0060,LOC0025,810.00,305.45,2025-03-01,2025-03-14,location premium
PRC00399,ITEM0060,LOC0025,850.00,323.39,2025-03-15,2025-08-31,location premium
PRC00400,ITEM0060,LOC0025,900.00,333.17,2025-09-01,,location premium
PRC00401,ITEM0061,,950.00,345.20,2024-07-01,2025-03-14,menu revision
PRC00402,ITEM0061,,980.00,363.74,2025-03-15,,inflation
PRC00403,ITEM0061,LOC0003,1030.00,345.20,2025-03-01,2025-03-14,location premium
PRC00404,ITEM0061,LOC0003,1060.00,363.74,2025-03-15,,location premium
PRC00405,ITEM0061,LOC0006,1030.00,345.20,2025-03-01,2025-03-14,location premium
PRC00406,ITEM0061,LOC0006,1060.00,363.74,2025-03-15,,location premium
PRC00407,ITEM0061,LOC0009,1030.00,345.20,2025-03-01,2025-03-14,location premium
PRC00408,ITEM0061,LOC0009,1060.00,363.74,2025-03-15,,location premium
PRC00409,ITEM0061,LOC0014,1030.00,345.20,2025-03-01,2025-03-14,location premium
PRC00411,ITEM0061,LOC0018,1030.00,345.20,2025-03-01,2025-03-14,location premium
PRC00412,ITEM0061,LOC0018,1060.00,363.74,2025-03-15,,location premium
PRC00413,ITEM0061,LOC0024,1030.00,345.20,2025-03-01,2025-03-14,location premium
PRC00414,ITEM0061,LOC0024,1060.00,363.74,2025-03-15,,location premium
PRC00415,ITEM0061,LOC0025,1030.00,345.20,2025-03-01,2025-03-14,location premium
PRC00416,ITEM0061,LOC0025,1060.00,363.74,2025-03-15,,location premium
PRC00417,ITEM0062,,750.00,327.59,2024-07-01,2025-03-14,menu revision
PRC00418,ITEM0062,,790.00,350.53,2025-03-15,2025-06-30,inflation
PRC00419,ITEM0062,,670.00,350.53,2025-07-01,,competitive pricing
PRC00420,ITEM0063,,550.00,230.52,2024-07-01,2025-03-14,menu revision
PRC00421,ITEM0063,,570.00,248.26,2025-03-15,2025-06-30,inflation
PRC00422,ITEM0064,,500.00,177.58,2024-07-01,2025-03-14,menu revision
PRC00423,ITEM0064,,530.00,186.68,2025-03-15,2025-08-31,inflation
PRC00424,ITEM0064,,550.00,191.14,2025-09-01,,inflation
PRC00425,ITEM0065,,1250.00,459.18,2024-07-01,2025-03-14,menu revision
PRC00426,ITEM0065,,1300.00,489.16,2025-03-15,2025-08-31,inflation
PRC00427,ITEM0065,,1360.00,503.63,2025-09-01,,inflation
PRC00428,ITEM0066,,900.00,324.79,2024-07-01,2025-03-14,menu revision
PRC00429,ITEM0066,,950.00,343.77,2025-03-15,,inflation
PRC00430,ITEM0067,,300.00,102.15,2024-07-01,2025-03-14,menu revision
PRC00431,ITEM0067,,320.00,108.16,2025-03-15,,inflation
PRC00432,ITEM0068,,650.00,449.04,2024-07-01,2025-01-31,menu revision
PRC00433,ITEM0068,,680.00,470.19,2025-02-01,,inflation
PRC00434,ITEM0069,,850.00,375.44,2024-07-01,2025-01-31,menu revision
PRC00435,ITEM0069,,900.00,391.06,2025-02-01,2025-05-31,inflation
PRC00436,ITEM0069,,1130.00,391.06,2025-06-01,2025-08-31,menu repricing
PRC00437,ITEM0069,,1180.00,407.68,2025-09-01,,inflation
PRC00438,ITEM0070,,1350.00,591.21,2024-07-01,2025-01-31,menu revision
PRC00439,ITEM0070,,1440.00,627.42,2025-02-01,2025-04-30,inflation
PRC00441,ITEM0071,,650.00,240.39,2024-07-01,2025-01-31,menu revision
PRC00442,ITEM0071,,680.00,259.12,2025-02-01,2025-08-31,inflation
PRC00443,ITEM0071,,710.00,267.43,2025-09-01,,inflation
PRC00444,ITEM0071,LOC0003,730.00,259.12,2025-03-01,2025-08-31,location premium
PRC00445,ITEM0071,LOC0003,770.00,267.43,2025-09-01,,location premium
PRC00446,ITEM0071,LOC0006,730.00,259.12,2025-03-01,2025-08-31,location premium
PRC00447,ITEM0071,LOC0006,770.00,267.43,2025-09-01,,location premium
PRC00448,ITEM0071,LOC0009,730.00,259.12,2025-03-01,2025-08-31,location premium
PRC00449,ITEM0071,LOC0009,770.00,267.43,2025-09-01,,location premium
PRC00450,ITEM0071,LOC0014,730.00,259.12,2025-03-01,2025-08-31,location premium
PRC00451,ITEM0071,LOC0014,770.00,267.43,2025-09-01,,location premium
PRC00452,ITEM0071,LOC0018,730.00,259.12,2025-03-01,2025-08-31,location premium
PRC00453,ITEM0071,LOC0018,770.00,267.43,2025-09-01,,location premium
PRC00454,ITEM0071,LOC0024,730.00,259.12,2025-03-01,2025-08-31,location premium
PRC00455,ITEM0071,LOC0024,770.00,267.43,2025-09-01,,location premium
PRC00456,ITEM0071,LOC0025,730.00,259.12,2025-03-01,2025-08-31,location premium
PRC00457,ITEM0071,LOC0025,770.00,267.43,2025-09-01,,location premium
PRC00458,ITEM0072,,750.00,311.14,2024-07-01,2025-01-31,menu revision
PRC00459,ITEM0072,,790.00,332.55,2025-02-01,,inflation
PRC00460,ITEM0073,,800.00,313.51,2024-07-01,2025-01-31,menu revision
PRC00461,ITEM0073,,850.00,331.31,2025-02-01,,inflation
PRC00462,ITEM0074,,1150.00,507.95,2024-07-01,2025-01-31,menu revision
PRC00463,ITEM0074,,1200.00,536.56,2025-02-01,2025-08-31,inflation
PRC00464,ITEM0074,,1230.00,548.77,2025-09-01,,inflation
PRC00465,ITEM0075,,600.00,252.86,2024-07-01,2025-01-31,menu revision
PRC00466,ITEM0075,,630.00,269.61,2025-02-01,,inflation
PRC00467,ITEM0076,,700.00,267.62,2024-07-01,2025-01-31,menu revision
PRC00468,ITEM0076,,720.00,281.82,2025-02-01,2025-08-31,inflation
PRC00469,ITEM0076,,750.00,294.74,2025-09-01,,inflation
PRC00470,ITEM0076,LOC0003,780.00,281.82,2025-03-01,2025-08-31,location premium
PRC00471,ITEM0076,LOC0003,810.00,294.74,2025-09-01,,location premium
PRC00472,ITEM0076,LOC0006,780.00,281.82,2025-03-01,2025-08-31,location premium
PRC00473,ITEM0076,LOC0006,810.00,294.74,2025-09-01,,location premium
PRC00474,ITEM0076,LOC0009,780.00,281.82,2025-03-01,2025-08-31,location premium
PRC00475,ITEM0076,LOC0009,810.00,294.74,2025-09-01,,location premium
PRC00476,ITEM0076,LOC0014,780.00,281.82,2025-03-01,2025-08-31,location premium
PRC00477,ITEM0076,LOC0014,810.00,294.74,2025-09-01,,location premium
PRC00478,ITEM0076,LOC0018,780.00,281.82,2025-03-01,2025-08-31,location premium
PRC00479,ITEM0076,LOC0018,810.00,294.74,2025-09-01,,location premium
PRC00480,ITEM0076,LOC0024,780.00,281.82,2025-03-01,2025-08-31,location premium
PRC00481,ITEM0076,LOC0024,810.00,294.74,2025-09-01,,location premium
PRC00482,ITEM0076,LOC0025,780.00,281.82,2025-03-01,2025-08-31,location premium
PRC00483,ITEM0076,LOC0025,810.00,294.74,2025-09-01,,location premium
PRC00484,ITEM0077,,750.00,276.70,2024-07-18,2025-01-31,menu revision
PRC00485,ITEM0077,,780.00,295.15,2025-02-01,2025-05-31,inflation
PRC00486,ITEM0077,,660.00,295.15,2025-06-01,2025-08-31,competitive pricing
PRC00487,ITEM0077,,680.00,302.29,2025-09-01,,inflation
PRC00488,ITEM0077,LOC0003,840.00,295.15,2025-03-01,2025-05-31,location premium
PRC00489,ITEM0077,LOC0003,710.00,295.15,2025-06-01,2025-08-31,location premium
PRC00490,ITEM0077,LOC0003,730.00,302.29,2025-09-01,,location premium
PRC00491,ITEM0077,LOC0006,840.00,295.15,2025-03-01,2025-05-31,location premium
PRC00492,ITEM0077,LOC0006,710.00,295.15,2025-06-01,2025-08-31,location premium
PRC00493,ITEM0077,LOC0006,730.00,302.29,2025-09-01,,location premium
PRC00494,ITEM0077,LOC0009,840.00,295.15,2025-03-01,2025-05-31,location premium
PRC00495,ITEM0077,LOC0009,710.00,295.15,2025-06-01,2025-08-31,location premium
PRC00496,ITEM0077,LOC0009,730.00,302.29,2025-09-01,,location premium
PRC00497,ITEM0077,LOC0014,840.00,295.15,2025-03-01,2025-05-31,location premium
PRC00498,ITEM0077,LOC0014,710.00,295.15,2025-06-01,2025-08-31,location premium
PRC00499,ITEM0077,LOC0014,730.00,302.29,2025-09-01,,location premium
PRC00500,ITEM0077,LOC0018,840.00,295.15,2025-03-01,2025-05-31,location premium
PRC00501,ITEM0077,LOC0018,710.00,295.15,2025-06-01,2025-08-31,location premium
PRC00502,ITEM0077,LOC0018,730.00,302.29,2025-09-01,,location premium
PRC00503,ITEM0077,LOC0024,840.00,295.15,2025-03-01,2025-05-31,location premium
PRC00504,ITEM0077,LOC0024,710.00,295.15,2025-06-01,2025-08-31,location premium
PRC00505,ITEM0077,LOC0024,730.00,302.29,2025-09-01,,location premium
PRC00506,ITEM0077,LOC0025,840.00,295.15,2025-03-01,2025-05-31,location premium
PRC00507,ITEM0077,LOC0025,710.00,295.15,2025-06-01,2025-08-31,location premium
PRC00508,ITEM0077,LOC0025,730.00,302.29,2025-09-01,,location premium
PRC00509,ITEM0078,,1120.00,560.33,2025-10-06,2025-10-26,introductory price
PRC00510,ITEM0078,,1250.00,560.33,2025-10-27,,introductory offer ended
PRC00511,ITEM0079,,990.00,454.64,2025-11-03,2025-11-23,introductory price
PRC00512,ITEM0079,,1100.00,454.64,2025-11-24,,introductory offer ended
PRC00513,ITEM0080,,860.00,421.47,2025-11-24,2025-12-14,introductory price
PRC00514,ITEM0080,,950.00,421.47,2025-12-15,,introductory offer ended
PRC00515,ITEM0081,,1450.00,986.58,2024-07-01,2025-03-14,menu revision
PRC00516,ITEM0081,,1510.00,1047.44,2025-03-15,,inflation
PRC00517,ITEM0082,,1500.00,645.85,2024-07-01,2025-03-14,menu revision
PRC00518,ITEM0082,,1600.00,687.45,2025-03-15,2025-06-30,inflation
PRC00519,ITEM0082,,1920.00,687.45,2025-07-01,2025-08-31,menu repricing
PRC00520,ITEM0082,,2000.00,707.81,2025-09-01,,inflation
PRC00521,ITEM0083,,1650.00,664.65,2024-07-01,2025-03-14,menu revision
PRC00522,ITEM0083,,1760.00,701.86,2025-03-15,,inflation
PRC00523,ITEM0084,,1200.00,403.02,2024-07-01,2025-03-14,menu revision
PRC00524,ITEM0084,,1240.00,425.59,2025-03-15,,inflation
PRC00525,ITEM0085,,1550.00,614.53,2024-07-01,2025-03-14,menu revision
PRC00526,ITEM0085,,1630.00,650.03,2025-03-15,,inflation
PRC00527,ITEM0086,,1300.00,531.95,2024-07-01,2025-03-14,menu revision
PRC00528,ITEM0086,,1380.00,560.08,2025-03-15,,inflation
PRC00529,ITEM0087,,3200.00,1337.75,2024-07-01,2025-03-14,menu revision
PRC00530,ITEM0087,,3360.00,1425.09,2025-03-15,2025-04-30,inflation
PRC00531,ITEM0087,,3090.00,1425.09,2025-05-01,2025-08-31,promotion-adjustment
PRC00532,ITEM0087,,3170.00,1492.61,2025-09-01,,inflation
PRC00533,ITEM0087,LOC0003,3460.00,1337.75,2025-03-01,2025-03-14,location premium
PRC00534,ITEM0087,LOC0003,3630.00,1425.09,2025-03-15,2025-04-30,location premium
PRC00535,ITEM0087,LOC0003,3340.00,1425.09,2025-05-01,2025-08-31,location premium
PRC00536,ITEM0087,LOC0003,3420.00,1492.61,2025-09-01,,location premium
PRC00537,ITEM0087,LOC0006,3460.00,1337.75,2025-03-01,2025-03-14,location premium
PRC00538,ITEM0087,LOC0006,3630.00,1425.09,2025-03-15,2025-04-30,location premium
PRC00539,ITEM0087,LOC0006,3340.00,1425.09,2025-05-01,2025-08-31,location premium
PRC00540,ITEM0087,LOC0006,3420.00,1492.61,2025-09-01,,location premium
PRC00541,ITEM0087,LOC0009,3460.00,1337.75,2025-03-01,2025-03-14,location premium
PRC00542,ITEM0087,LOC0009,3630.00,1425.09,2025-03-15,2025-04-30,location premium
PRC00543,ITEM0087,LOC0009,3340.00,1425.09,2025-05-01,2025-08-31,location premium
PRC00544,ITEM0087,LOC0009,3420.00,1492.61,2025-09-01,,location premium
PRC00545,ITEM0087,LOC0014,3460.00,1337.75,2025-03-01,2025-03-14,location premium
PRC00546,ITEM0087,LOC0014,3630.00,1425.09,2025-03-15,2025-04-30,location premium
PRC00547,ITEM0087,LOC0014,3340.00,1425.09,2025-05-01,2025-08-31,location premium
PRC00548,ITEM0087,LOC0014,3420.00,1492.61,2025-09-01,,location premium
PRC00549,ITEM0087,LOC0018,3460.00,1337.75,2025-03-01,2025-03-14,location premium
PRC00550,ITEM0087,LOC0018,3630.00,1425.09,2025-03-15,2025-04-30,location premium
PRC00551,ITEM0087,LOC0018,3340.00,1425.09,2025-05-01,2025-08-31,location premium
PRC00552,ITEM0087,LOC0018,3420.00,1492.61,2025-09-01,,location premium
PRC00553,ITEM0087,LOC0024,3460.00,1337.75,2025-03-01,2025-03-14,location premium
PRC00554,ITEM0087,LOC0024,3630.00,1425.09,2025-03-15,2025-04-30,location premium
PRC00555,ITEM0087,LOC0024,3340.00,1425.09,2025-05-01,2025-08-31,location premium
PRC00556,ITEM0087,LOC0024,3420.00,1492.61,2025-09-01,,location premium
PRC00557,ITEM0087,LOC0025,3460.00,1337.75,2025-03-01,2025-03-14,location premium
PRC00558,ITEM0087,LOC0025,3630.00,1425.09,2025-03-15,2025-04-30,location premium
PRC00559,ITEM0087,LOC0025,3340.00,1425.09,2025-05-01,2025-08-31,location premium
PRC00560,ITEM0087,LOC0025,3420.00,1492.61,2025-09-01,,location premium
PRC00561,ITEM0088,,1600.00,606.50,2024-07-01,2025-03-14,menu revision
PRC00562,ITEM0088,,1710.00,651.22,2025-03-15,,inflation
PRC00563,ITEM0089,,1950.00,833.24,2024-07-01,2025-03-14,menu revision
PRC00564,ITEM0089,,2070.00,892.05,2025-03-15,,inflation
PRC00565,ITEM0089,LOC0003,2110.00,833.24,2025-03-01,2025-03-14,location premium
PRC00566,ITEM0089,LOC0003,2240.00,892.05,2025-03-15,,location premium
PRC00567,ITEM0089,LOC0006,2110.00,833.24,2025-03-01,2025-03-14,location premium
PRC00568,ITEM0089,LOC0006,2240.00,892.05,2025-03-15,,location premium
PRC00569,ITEM0089,LOC0009,2110.00,833.24,2025-03-01,2025-03-14,location premium
PRC00570,ITEM0089,LOC0009,2240.00,892.05,2025-03-15,,location premium
PRC00571,ITEM0089,LOC0014,2110.00,833.24,2025-03-01,2025-03-14,location premium
PRC00572,ITEM0089,LOC0014,2240.00,892.05,2025-03-15,,location premium
PRC00573,ITEM0089,LOC0018,2110.00,833.24,2025-03-01,2025-03-14,location premium
PRC00574,ITEM0089,LOC0018,2240.00,892.05,2025-03-15,,location premium
PRC00575,ITEM0089,LOC0024,2110.00,833.24,2025-03-01,2025-03-14,location premium
PRC00576,ITEM0089,LOC0024,2240.00,892.05,2025-03-15,,location premium
PRC00577,ITEM0089,LOC0025,2110.00,833.24,2025-03-01,2025-03-14,location premium
PRC00578,ITEM0089,LOC0025,2240.00,892.05,2025-03-15,,location premium
PRC00579,ITEM0090,,1750.00,627.19,2024-07-01,2025-03-14,menu revision
PRC00580,ITEM0090,,1840.00,663.73,2025-03-15,2025-08-31,inflation
PRC00581,ITEM0090,,1910.00,682.77,2025-09-01,,inflation
PRC00582,ITEM0091,,1660.00,702.28,2025-05-20,2025-06-09,introductory price
PRC00583,ITEM0091,,1850.00,702.28,2025-06-10,2025-08-31,introductory offer ended
PRC00584,ITEM0091,,1920.00,724.96,2025-09-01,,inflation
PRC00585,ITEM0092,,1150.00,434.13,2024-07-01,2025-01-31,menu revision
PRC00586,ITEM0092,,1190.00,465.66,2025-02-01,2025-06-30,inflation
PRC00587,ITEM0092,,1410.00,465.66,2025-07-01,,menu repricing
PRC00588,ITEM0093,,1050.00,377.21,2024-07-01,2025-01-31,menu revision
PRC00589,ITEM0093,,1090.00,392.41,2025-02-01,2025-08-31,inflation
PRC00590,ITEM0093,,1140.00,410.14,2025-09-01,,inflation
PRC00591,ITEM0094,,1450.00,637.13,2024-07-01,2025-01-31,menu revision
PRC00592,ITEM0094,,1500.00,682.35,2025-02-01,2025-08-31,inflation
PRC00593,ITEM0094,,1550.00,716.43,2025-09-01,,inflation
PRC00594,ITEM0095,,1100.00,463.73,2024-07-01,2025-01-31,menu revision
PRC00595,ITEM0095,,1140.00,485.13,2025-02-01,2025-08-31,inflation
PRC00596,ITEM0095,,1190.00,508.41,2025-09-01,,inflation
PRC00597,ITEM0096,,1650.00,278.65,2024-07-01,2025-01-31,menu revision
PRC00598,ITEM0096,,1760.00,290.57,2025-02-01,2025-08-31,inflation
PRC00599,ITEM0096,,1840.00,298.74,2025-09-01,,inflation
PRC00600,ITEM0097,,1080.00,539.54,2025-10-20,2025-11-09,introductory price
PRC00601,ITEM0097,,1200.00,539.54,2025-11-10,,introductory offer ended
PRC00602,ITEM0098,,1150.00,499.44,2024-07-01,2025-01-31,menu revision
PRC00603,ITEM0098,,1220.00,521.65,2025-02-01,,inflation
PRC00604,ITEM0099,,1250.00,446.14,2024-07-01,2025-01-31,menu revision
PRC00605,ITEM0099,,1300.00,471.54,2025-02-01,,inflation
PRC00606,ITEM0100,,1200.00,514.56,2024-07-01,2025-01-31,menu revision
PRC00608,ITEM0101,,1150.00,383.91,2024-07-01,2025-01-31,menu revision
PRC00609,ITEM0101,,1230.00,414.61,2025-02-01,,inflation
PRC00610,ITEM0102,,1360.00,584.85,2024-11-01,2025-02-28,seasonal
PRC00611,ITEM0102,,1300.00,584.85,2025-03-01,2025-03-14,seasonal
PRC00612,ITEM0102,,1340.00,625.27,2025-03-15,2025-10-31,inflation
PRC00613,ITEM0102,,1410.00,625.27,2025-11-01,,seasonal
PRC00614,ITEM0102,LOC0003,1400.00,584.85,2025-03-01,2025-03-14,location premium
PRC00615,ITEM0102,LOC0003,1450.00,625.27,2025-03-15,2025-10-31,location premium
PRC00616,ITEM0102,LOC0003,1520.00,625.27,2025-11-01,,location premium
PRC00617,ITEM0102,LOC0006,1400.00,584.85,2025-03-01,2025-03-14,location premium
PRC00618,ITEM0102,LOC0006,1450.00,625.27,2025-03-15,2025-10-31,location premium
PRC00619,ITEM0102,LOC0006,1520.00,625.27,2025-11-01,,location premium
PRC00620,ITEM0102,LOC0009,1400.00,584.85,2025-03-01,2025-03-14,location premium
PRC00621,ITEM0102,LOC0009,1450.00,625.27,2025-03-15,2025-10-31,location premium
PRC00623,ITEM0102,LOC0014,1400.00,584.85,2025-03-01,2025-03-14,location premium
PRC00624,ITEM0102,LOC0014,1450.00,625.27,2025-03-15,2025-10-31,location premium
PRC00625,ITEM0102,LOC0014,1520.00,625.27,2025-11-01,,location premium
PRC00626,ITEM0102,LOC0018,1400.00,584.85,2025-03-01,2025-03-14,location premium
PRC00627,ITEM0102,LOC0018,1450.00,625.27,2025-03-15,2025-10-31,location premium
PRC00628,ITEM0102,LOC0018,1520.00,625.27,2025-11-01,,location premium
PRC00629,ITEM0102,LOC0024,1400.00,584.85,2025-03-01,2025-03-14,location premium
PRC00630,ITEM0102,LOC0024,1450.00,625.27,2025-03-15,2025-10-31,location premium
PRC00631,ITEM0102,LOC0024,1520.00,625.27,2025-11-01,,location premium
PRC00632,ITEM0102,LOC0025,1400.00,584.85,2025-03-01,2025-03-14,location premium
PRC00633,ITEM0102,LOC0025,1450.00,625.27,2025-03-15,2025-10-31,location premium
PRC00634,ITEM0102,LOC0025,1520.00,625.27,2025-11-01,,location premium
PRC00635,ITEM0103,,2900.00,1178.96,2024-07-01,2025-03-14,menu revision
PRC00636,ITEM0103,,3020.00,1247.87,2025-03-15,2025-08-31,inflation
PRC00637,ITEM0103,,3090.00,1298.00,2025-09-01,,inflation
PRC00638,ITEM0104,,1100.00,444.97,2024-07-01,2025-03-14,menu revision
PRC00639,ITEM0104,,1150.00,476.78,2025-03-15,2025-06-14,inflation
PRC00640,ITEM0104,,1420.00,476.78,2025-06-15,,menu repricing
PRC00641,ITEM0105,,2400.00,796.22,2024-10-26,2025-03-14,menu revision
PRC00642,ITEM0105,,2550.00,841.34,2025-03-15,2025-08-31,inflation
PRC00643,ITEM0105,,2660.00,878.39,2025-09-01,,inflation
PRC00644,ITEM0105,LOC0003,2590.00,796.22,2025-03-01,2025-03-14,location premium
PRC00645,ITEM0105,LOC0003,2750.00,841.34,2025-03-15,2025-08-31,location premium
PRC00646,ITEM0105,LOC0003,2870.00,878.39,2025-09-01,,location premium
PRC00647,ITEM0105,LOC0006,2590.00,796.22,2025-03-01,2025-03-14,location premium
PRC00648,ITEM0105,LOC0006,2750.00,841.34,2025-03-15,2025-08-31,location premium
PRC00649,ITEM0105,LOC0006,2870.00,878.39,2025-09-01,,location premium
PRC00650,ITEM0105,LOC0009,2590.00,796.22,2025-03-01,2025-03-14,location premium
PRC00651,ITEM0105,LOC0009,2750.00,841.34,2025-03-15,2025-08-31,location premium
PRC00652,ITEM0105,LOC0009,2870.00,878.39,2025-09-01,,location premium
PRC00653,ITEM0105,LOC0014,2590.00,796.22,2025-03-01,2025-03-14,location premium
PRC00654,ITEM0105,LOC0014,2750.00,841.34,2025-03-15,2025-08-31,location premium
PRC00655,ITEM0105,LOC0014,2870.00,878.39,2025-09-01,,location premium
PRC00656,ITEM0105,LOC0018,2590.00,796.22,2025-03-01,2025-03-14,location premium
PRC00657,ITEM0105,LOC0018,2750.00,841.34,2025-03-15,2025-08-31,location premium
PRC00658,ITEM0105,LOC0018,2870.00,878.39,2025-09-01,,location premium
PRC00659,ITEM0105,LOC0024,2590.00,796.22,2025-03-01,2025-03-14,location premium
PRC00660,ITEM0105,LOC0024,2750.00,841.34,2025-03-15,2025-08-31,location premium
PRC00661,ITEM0105,LOC0024,2870.00,878.39,2025-09-01,,location premium
PRC00662,ITEM0105,LOC0025,2590.00,796.22,2025-03-01,2025-03-14,location premium
PRC00663,ITEM0105,LOC0025,2750.00,841.34,2025-03-15,2025-08-31,location premium
PRC00664,ITEM0105,LOC0025,2870.00,878.39,2025-09-01,,location premium
PRC00665,ITEM0106,,3800.00,1659.13,2024-07-17,2025-03-14,menu revision
PRC00666,ITEM0106,,3990.00,1784.77,2025-03-15,2025-08-31,inflation
PRC00668,ITEM0107,,1350.00,437.09,2024-07-01,2025-03-14,menu revision
PRC00669,ITEM0107,,1400.00,463.91,2025-03-15,2025-08-31,inflation
PRC00670,ITEM0107,,1430.00,473.19,2025-09-01,,inflation
PRC00671,ITEM0108,,1650.00,579.66,2024-07-01,2025-03-14,menu revision
PRC00672,ITEM0108,,1730.00,620.80,2025-03-15,2025-08-31,inflation
PRC00673,ITEM0108,,1800.00,648.55,2025-09-01,,inflation
PRC00674,ITEM0109,,1450.00,490.96,2024-07-01,2025-03-14,menu revision
PRC00675,ITEM0109,,1500.00,513.48,2025-03-15,,inflation
PRC00676,ITEM0110,,1250.00,526.22,2024-07-01,2025-03-14,menu revision
PRC00677,ITEM0110,,1330.00,558.62,2025-03-15,,inflation
PRC00678,ITEM0111,,250.00,86.44,2024-10-30,2025-01-31,menu revision
PRC00679,ITEM0111,,260.00,91.26,2025-02-01,,inflation
PRC00680,ITEM0111,LOC0003,280.00,91.26,2025-03-01,,location premium
PRC00681,ITEM0111,LOC0006,280.00,91.26,2025-03-01,,location premium
PRC00682,ITEM0111,LOC0009,280.00,91.26,2025-03-01,,location premium
PRC00683,ITEM0111,LOC0014,280.00,91.26,2025-03-01,,location premium
PRC00684,ITEM0111,LOC0018,280.00,91.26,2025-03-01,,location premium
PRC00685,ITEM0111,LOC0024,280.00,91.26,2025-03-01,,location premium
PRC00686,ITEM0111,LOC0025,280.00,91.26,2025-03-01,,location premium
PRC00687,ITEM0112,,300.00,131.51,2024-07-01,2025-01-31,menu revision
PRC00688,ITEM0112,,310.00,140.73,2025-02-01,,inflation
PRC00689,ITEM0113,,470.00,182.39,2024-11-01,2025-01-31,seasonal
PRC00690,ITEM0113,,500.00,193.08,2025-02-01,2025-02-28,inflation
PRC00691,ITEM0113,,480.00,193.08,2025-03-01,2025-08-31,seasonal
PRC00692,ITEM0113,,490.00,198.15,2025-09-01,2025-10-31,inflation
PRC00693,ITEM0113,,510.00,198.15,2025-11-01,,seasonal
PRC00694,ITEM0114,,250.00,81.18,2024-07-01,2025-01-31,menu revision
PRC00695,ITEM0114,,265.00,84.81,2025-02-01,2025-03-31,inflation
PRC00696,ITEM0114,,280.00,84.81,2025-04-01,2025-08-31,seasonal
PRC00697,ITEM0114,,270.00,86.95,2025-09-01,,inflation
PRC00698,ITEM0115,,550.00,176.39,2024-07-01,2025-01-31,menu revision
PRC00699,ITEM0115,,580.00,186.26,2025-02-01,2025-03-31,inflation
PRC00700,ITEM0115,,610.00,186.26,2025-04-01,2025-08-31,seasonal
PRC00701,ITEM0115,,580.00,186.26,2025-09-01,,seasonal
PRC00702,ITEM0116,,750.00,128.08,2024-07-01,2025-01-31,menu revision
PRC00703,ITEM0116,,780.00,136.55,2025-02-01,2025-08-31,inflation
PRC00704,ITEM0116,,800.00,142.86,2025-09-01,,inflation
PRC00705,ITEM0117,,850.00,130.00,2024-07-01,2025-01-31,menu revision
PRC00706,ITEM0117,,910.00,139.74,2025-02-01,2025-08-31,inflation
PRC00707,ITEM0117,,930.00,145.29,2025-09-01,,inflation
PRC00708,ITEM0118,,700.00,312.06,2024-07-01,2025-01-31,menu revision
PRC00709,ITEM0118,,730.00,333.71,2025-02-01,2025-04-30,inflation
PRC00710,ITEM0118,,670.00,333.71,2025-05-01,,promotion-adjustment
PRC00711,ITEM0118,LOC0003,790.00,333.71,2025-03-01,2025-04-30,location premium
PRC00712,ITEM0118,LOC0003,720.00,333.71,2025-05-01,,location premium
PRC00713,ITEM0118,LOC0006,790.00,333.71,2025-03-01,2025-04-30,location premium
PRC00714,ITEM0118,LOC0006,720.00,333.71,2025-05-01,,location premium
PRC00715,ITEM0118,LOC0009,790.00,333.71,2025-03-01,2025-04-30,location premium
PRC00716,ITEM0118,LOC0009,720.00,333.71,2025-05-01,,location premium
PRC00717,ITEM0118,LOC0014,790.00,333.71,2025-03-01,2025-04-30,location premium
PRC00718,ITEM0118,LOC0014,720.00,333.71,2025-05-01,,location premium
PRC00719,ITEM0118,LOC0018,790.00,333.71,2025-03-01,2025-04-30,location premium
PRC00720,ITEM0118,LOC0018,720.00,333.71,2025-05-01,,location premium
PRC00721,ITEM0118,LOC0024,790.00,333.71,2025-03-01,2025-04-30,location premium
PRC00722,ITEM0118,LOC0024,720.00,333.71,2025-05-01,,location premium
PRC00723,ITEM0118,LOC0025,790.00,333.71,2025-03-01,2025-04-30,location premium
PRC00724,ITEM0118,LOC0025,720.00,333.71,2025-05-01,,location premium
PRC00725,ITEM0119,,450.00,157.96,2024-07-01,2025-01-31,menu revision
PRC00726,ITEM0119,,470.00,169.51,2025-02-01,,inflation
PRC00727,ITEM0120,,860.00,408.90,2025-12-01,2025-12-21,introductory price
PRC00728,ITEM0120,,950.00,408.90,2025-12-22,,introductory offer ended
PRC00729,ITEM0121,,350.00,114.60,2024-07-01,2025-01-31,menu revision
PRC00730,ITEM0121,,360.00,121.95,2025-02-01,2025-08-31,inflation
PRC00731,ITEM0121,,370.00,125.92,2025-09-01,,inflation
PRC00732,ITEM0121,LOC0003,390.00,121.95,2025-03-01,2025-08-31,location premium
PRC00733,ITEM0121,LOC0003,400.00,125.92,2025-09-01,,location premium
PRC00734,ITEM0121,LOC0006,390.00,121.95,2025-03-01,2025-08-31,location premium
PRC00735,ITEM0121,LOC0006,400.00,125.92,2025-09-01,,location premium
PRC00736,ITEM0121,LOC0009,390.00,121.95,2025-03-01,2025-08-31,location premium
PRC00737,ITEM0121,LOC0009,400.00,125.92,2025-09-01,,location premium
PRC00738,ITEM0121,LOC0014,390.00,121.95,2025-03-01,2025-08-31,location premium
PRC00739,ITEM0121,LOC0014,400.00,125.92,2025-09-01,,location premium
PRC00740,ITEM0121,LOC0018,390.00,121.95,2025-03-01,2025-08-31,location premium
PRC00741,ITEM0121,LOC0018,400.00,125.92,2025-09-01,,location premium
PRC00742,ITEM0121,LOC0024,390.00,121.95,2025-03-01,2025-08-31,location premium
PRC00743,ITEM0121,LOC0024,400.00,125.92,2025-09-01,,location premium
PRC00744,ITEM0121,LOC0025,390.00,121.95,2025-03-01,2025-08-31,location premium
PRC00745,ITEM0121,LOC0025,400.00,125.92,2025-09-01,,location premium
PRC00746,ITEM0122,,650.00,275.68,2024-07-01,2025-01-31,menu revision
PRC00747,ITEM0122,,690.00,295.82,2025-02-01,,inflation
PRC00748,ITEM0123,,300.00,132.18,2024-07-01,2025-01-31,menu revision
PRC00749,ITEM0123,,310.00,138.90,2025-02-01,,inflation
PRC00750,ITEM0123,LOC0003,330.00,138.90,2025-03-01,,location premium
PRC00751,ITEM0123,LOC0006,330.00,138.90,2025-03-01,,location premium
PRC00752,ITEM0123,LOC0009,330.00,138.90,2025-03-01,,location premium
PRC00753,ITEM0123,LOC0014,330.00,138.90,2025-03-01,,location premium
PRC00754,ITEM0123,LOC0018,330.00,138.90,2025-03-01,,location premium
PRC00755,ITEM0123,LOC0024,330.00,138.90,2025-03-01,,location premium
PRC00756,ITEM0123,LOC0025,330.00,138.90,2025-03-01,,location premium
PRC00757,ITEM0124,,180.00,123.74,2024-07-01,2025-03-14,menu revision
PRC00758,ITEM0124,,190.00,131.48,2025-03-15,,inflation
PRC00759,ITEM0125,,295.00,115.01,2024-11-01,2025-02-28,seasonal
PRC00760,ITEM0125,,280.00,115.01,2025-03-01,2025-03-14,seasonal
PRC00761,ITEM0125,,290.00,119.62,2025-03-15,2025-08-31,inflation
PRC00762,ITEM0125,,300.00,124.33,2025-09-01,2025-10-31,inflation
PRC00763,ITEM0125,,320.00,124.33,2025-11-01,,seasonal
PRC00764,ITEM0126,,150.00,64.34,2024-07-01,2025-03-14,menu revision
PRC00765,ITEM0126,,155.00,69.21,2025-03-15,2025-08-31,inflation
PRC00766,ITEM0126,,160.00,72.53,2025-09-01,,inflation
PRC00767,ITEM0127,,480.00,73.30,2024-07-01,2025-03-14,menu revision
PRC00768,ITEM0127,,500.00,76.86,2025-03-15,,inflation
PRC00770,ITEM0128,,500.00,70.39,2025-03-15,2025-08-31,inflation
PRC00771,ITEM0128,,510.00,72.23,2025-09-01,,inflation
PRC00772,ITEM0128,LOC0003,520.00,65.96,2025-03-01,2025-03-14,location premium
PRC00773,ITEM0128,LOC0003,540.00,70.39,2025-03-15,2025-08-31,location premium
PRC00774,ITEM0128,LOC0003,550.00,72.23,2025-09-01,,location premium
PRC00775,ITEM0128,LOC0006,520.00,65.96,2025-03-01,2025-03-14,location premium
PRC00776,ITEM0128,LOC0006,540.00,70.39,2025-03-15,2025-08-31,location premium
PRC00777,ITEM0128,LOC0006,550.00,72.23,2025-09-01,,location premium
PRC00778,ITEM0128,LOC0009,520.00,65.96,2025-03-01,2025-03-14,location premium
PRC00779,ITEM0128,LOC0009,540.00,70.39,2025-03-15,2025-08-31,location premium
PRC00780,ITEM0128,LOC0009,550.00,72.23,2025-09-01,,location premium
PRC00781,ITEM0128,LOC0014,520.00,65.96,2025-03-01,2025-03-14,location premium
PRC00782,ITEM0128,LOC0014,540.00,70.39,2025-03-15,2025-08-31,location premium
PRC00783,ITEM0128,LOC0014,550.00,72.23,2025-09-01,,location premium
PRC00784,ITEM0128,LOC0018,520.00,65.96,2025-03-01,2025-03-14,location premium
PRC00785,ITEM0128,LOC0018,540.00,70.39,2025-03-15,2025-08-31,location premium
PRC00786,ITEM0128,LOC0018,550.00,72.23,2025-09-01,,location premium
PRC00787,ITEM0128,LOC0024,520.00,65.96,2025-03-01,2025-03-14,location premium
PRC00788,ITEM0128,LOC0024,540.00,70.39,2025-03-15,2025-08-31,location premium
PRC00789,ITEM0128,LOC0024,550.00,72.23,2025-09-01,,location premium
PRC00790,ITEM0128,LOC0025,520.00,65.96,2025-03-01,2025-03-14,location premium
PRC00791,ITEM0128,LOC0025,540.00,70.39,2025-03-15,2025-08-31,location premium
PRC00792,ITEM0128,LOC0025,550.00,72.23,2025-09-01,,location premium
PRC00793,ITEM0129,,550.00,174.84,2024-11-01,2025-02-28,seasonal
PRC00794,ITEM0129,,520.00,174.84,2025-03-01,2025-03-14,seasonal
PRC00795,ITEM0129,,540.00,183.07,2025-03-15,2025-08-31,inflation
PRC00796,ITEM0129,,570.00,188.49,2025-09-01,2025-10-31,inflation
PRC00797,ITEM0129,,600.00,188.49,2025-11-01,,seasonal
PRC00798,ITEM0130,,220.00,84.83,2024-07-01,2025-03-14,menu revision
PRC00799,ITEM0130,,230.00,88.41,2025-03-15,2025-06-30,inflation
PRC00800,ITEM0130,,240.00,88.41,2025-07-01,2025-08-31,seasonal
PRC00801,ITEM0130,,250.00,91.80,2025-09-01,2025-09-30,inflation
PRC00802,ITEM0130,,235.00,91.80,2025-10-01,,seasonal
PRC00803,ITEM0131,,350.00,145.91,2024-07-01,2025-03-14,menu revision
PRC00804,ITEM0131,,360.00,156.93,2025-03-15,2025-09-15,inflation
PRC00805,ITEM0132,,380.00,152.72,2024-07-01,2025-03-14,menu revision
PRC00806,ITEM0132,,390.00,159.49,2025-03-15,2025-08-31,inflation
PRC00807,ITEM0132,,410.00,163.26,2025-09-01,,inflation
PRC00808,ITEM0133,,170.00,73.21,2024-07-01,2025-03-14,menu revision
PRC00809,ITEM0133,,180.00,78.35,2025-03-15,,inflation
PRC00811,ITEM0134,,160.00,105.60,2025-02-01,2025-08-31,inflation
PRC00812,ITEM0134,,165.00,108.74,2025-09-01,,inflation
PRC00813,ITEM0135,,100.00,65.34,2024-07-01,2025-01-31,menu revision
PRC00814,ITEM0135,,105.00,69.46,2025-02-01,,inflation
PRC00815,ITEM0136,,450.00,155.29,2024-07-01,2025-01-31,menu revision
PRC00816,ITEM0136,,470.00,167.58,2025-02-01,2025-03-31,inflation
PRC00817,ITEM0136,,490.00,167.58,2025-04-01,2025-08-31,seasonal
PRC00818,ITEM0136,,480.00,175.82,2025-09-01,,inflation
PRC00819,ITEM0136,LOC0003,510.00,167.58,2025-03-01,2025-03-31,location premium
PRC00820,ITEM0136,LOC0003,530.00,167.58,2025-04-01,2025-08-31,location premium
PRC00821,ITEM0136,LOC0003,520.00,175.82,2025-09-01,,location premium
PRC00822,ITEM0136,LOC0006,510.00,167.58,2025-03-01,2025-03-31,location premium
PRC00823,ITEM0136,LOC0006,530.00,167.58,2025-04-01,2025-08-31,location premium
PRC00824,ITEM0136,LOC0006,520.00,175.82,2025-09-01,,location premium
PRC00825,ITEM0136,LOC0009,510.00,167.58,2025-03-01,2025-03-31,location premium
PRC00826,ITEM0136,LOC0009,530.00,167.58,2025-04-01,2025-08-31,location premium
PRC00827,ITEM0136,LOC0009,520.00,175.82,2025-09-01,,location premium
PRC00828,ITEM0136,LOC0014,510.00,167.58,2025-03-01,2025-03-31,location premium
PRC00829,ITEM0136,LOC0014,530.00,167.58,2025-04-01,2025-08-31,location premium
PRC00830,ITEM0136,LOC0014,520.00,175.82,2025-09-01,,location premium
PRC00831,ITEM0136,LOC0018,510.00,167.58,2025-03-01,2025-03-31,location premium
PRC00832,ITEM0136,LOC0018,530.00,167.58,2025-04-01,2025-08-31,location premium
PRC00833,ITEM0136,LOC0018,520.00,175.82,2025-09-01,,location premium
PRC00834,ITEM0136,LOC0024,510.00,167.58,2025-03-01,2025-03-31,location premium
PRC00835,ITEM0136,LOC0024,530.00,167.58,2025-04-01,2025-08-31,location premium
PRC00836,ITEM0136,LOC0024,520.00,175.82,2025-09-01,,location premium
PRC00837,ITEM0136,LOC0025,510.00,167.58,2025-03-01,2025-03-31,location premium
PRC00838,ITEM0136,LOC0025,530.00,167.58,2025-04-01,2025-08-31,location premium
PRC00839,ITEM0136,LOC0025,520.00,175.82,2025-09-01,,location premium
PRC00840,ITEM0137,,300.00,106.56,2024-07-01,2025-01-31,menu revision
PRC00841,ITEM0137,,310.00,112.52,2025-02-01,2025-03-31,inflation
PRC00842,ITEM0137,,330.00,112.52,2025-04-01,2025-08-31,seasonal
PRC00843,ITEM0137,,310.00,112.52,2025-09-01,,seasonal
PRC00844,ITEM0138,,250.00,103.07,2024-07-01,2025-01-31,menu revision
PRC00845,ITEM0138,,260.00,108.52,2025-02-01,2025-03-31,inflation
PRC00846,ITEM0138,,270.00,108.52,2025-04-01,2025-08-31,seasonal
PRC00847,ITEM0138,,265.00,113.51,2025-09-01,,inflation
PRC00848,ITEM0139,,380.00,63.48,2024-07-01,2025-01-31,menu revision
PRC00849,ITEM0139,,400.00,66.93,2025-02-01,2025-08-31,inflation
PRC00850,ITEM0139,,410.00,69.54,2025-09-01,,inflation
PRC00851,ITEM0140,,420.00,61.05,2024-11-16,2025-01-31,menu revision
PRC00852,ITEM0140,,450.00,65.77,2025-02-01,2025-08-31,inflation
PRC00853,ITEM0140,,460.00,67.98,2025-09-01,,inflation
PRC00854,ITEM0140,LOC0003,490.00,65.77,2025-03-01,2025-08-31,location premium
PRC00855,ITEM0140,LOC0003,500.00,67.98,2025-09-01,,location premium
PRC00856,ITEM0140,LOC0006,490.00,65.77,2025-03-01,2025-08-31,location premium
PRC00857,ITEM0140,LOC0006,500.00,67.98,2025-09-01,,location premium
PRC00858,ITEM0140,LOC0009,490.00,65.77,2025-03-01,2025-08-31,location premium
PRC00859,ITEM0140,LOC0009,500.00,67.98,2025-09-01,,location premium
PRC00860,ITEM0140,LOC0014,490.00,65.77,2025-03-01,2025-08-31,location premium
PRC00861,ITEM0140,LOC0014,500.00,67.98,2025-09-01,,location premium
PRC00862,ITEM0140,LOC0018,490.00,65.77,2025-03-01,2025-08-31,location premium
PRC00863,ITEM0140,LOC0018,500.00,67.98,2025-09-01,,location premium
PRC00864,ITEM0140,LOC0024,490.00,65.77,2025-03-01,2025-08-31,location premium
PRC00865,ITEM0140,LOC0024,500.00,67.98,2025-09-01,,location premium
PRC00866,ITEM0140,LOC0025,490.00,65.77,2025-03-01,2025-08-31,location premium
PRC00867,ITEM0140,LOC0025,500.00,67.98,2025-09-01,,location premium
PRC00868,ITEM0141,,480.00,157.00,2024-07-01,2025-01-31,menu revision
PRC00869,ITEM0141,,510.00,166.18,2025-02-01,,inflation
PRC00870,ITEM0142,,580.00,232.07,2024-07-01,2025-01-31,menu revision
PRC00871,ITEM0142,,610.00,244.33,2025-02-01,2025-06-14,inflation
PRC00872,ITEM0142,,780.00,244.33,2025-06-15,2025-08-31,menu repricing
PRC00873,ITEM0142,,810.00,249.91,2025-09-01,,inflation
PRC00874,ITEM0143,,520.00,169.26,2024-07-01,2025-01-31,menu revision
PRC00875,ITEM0143,,540.00,180.93,2025-02-01,2025-06-14,inflation
PRC00876,ITEM0143,,460.00,180.93,2025-06-15,2025-08-31,competitive pricing
PRC00877,ITEM0143,,470.00,187.60,2025-09-01,,inflation
PRC00878,ITEM0144,,680.00,326.20,2025-11-10,2025-11-30,introductory price
PRC00879,ITEM0144,,750.00,326.20,2025-12-01,,introductory offer ended
PRC00880,ITEM0145,,320.00,144.29,2025-04-15,2025-05-05,introductory price
PRC00881,ITEM0145,,350.00,144.29,2025-05-06,2025-08-31,introductory offer ended
PRC00882,ITEM0145,,370.00,151.19,2025-09-01,,inflation
PRC00883,ITEM0146,,550.00,188.38,2024-07-01,2025-01-31,menu revision
PRC00884,ITEM0146,,580.00,200.95,2025-02-01,2025-08-31,inflation
PRC00885,ITEM0146,,610.00,207.34,2025-09-01,,inflation
PRC00886,ITEM0147,,440.00,139.41,2024-11-01,2025-01-31,seasonal
PRC00887,ITEM0147,,470.00,148.21,2025-02-01,2025-02-28,inflation
PRC00888,ITEM0147,,450.00,148.21,2025-03-01,2025-08-31,seasonal
PRC00889,ITEM0147,,460.00,154.20,2025-09-01,2025-10-31,inflation
PRC00890,ITEM0147,,480.00,154.20,2025-11-01,,seasonal
PRC00892,ITEM0148,,320.00,208.57,2025-03-15,,inflation
PRC00893,ITEM0148,LOC0003,320.00,200.34,2025-03-01,2025-03-14,location premium
PRC00894,ITEM0148,LOC0003,350.00,208.57,2025-03-15,,location premium
PRC00895,ITEM0148,LOC0006,320.00,200.34,2025-03-01,2025-03-14,location premium
PRC00896,ITEM0148,LOC0006,350.00,208.57,2025-03-15,,location premium
PRC00897,ITEM0148,LOC0009,320.00,200.34,2025-03-01,2025-03-14,location premium
PRC00898,ITEM0148,LOC0009,350.00,208.57,2025-03-15,,location premium
PRC00899,ITEM0148,LOC0014,320.00,200.34,2025-03-01,2025-03-14,location premium
PRC00900,ITEM0148,LOC0014,350.00,208.57,2025-03-15,,location premium
PRC00901,ITEM0148,LOC0018,320.00,200.34,2025-03-01,2025-03-14,location premium
PRC00902,ITEM0148,LOC0018,350.00,208.57,2025-03-15,,location premium
PRC00903,ITEM0148,LOC0024,320.00,200.34,2025-03-01,2025-03-14,location premium
PRC00904,ITEM0148,LOC0024,350.00,208.57,2025-03-15,,location premium
PRC00905,ITEM0148,LOC0025,320.00,200.34,2025-03-01,2025-03-14,location premium
PRC00906,ITEM0148,LOC0025,350.00,208.57,2025-03-15,,location premium
PRC00907,ITEM0149,,350.00,156.59,2024-07-01,2025-03-14,menu revision
PRC00908,ITEM0149,,370.00,165.96,2025-03-15,2025-08-31,inflation
PRC00909,ITEM0149,,380.00,173.20,2025-09-01,,inflation
PRC00910,ITEM0150,,120.00,45.55,2024-07-01,2025-03-14,menu revision
PRC00911,ITEM0150,,125.00,48.98,2025-03-15,2025-08-31,inflation
PRC00912,ITEM0150,,130.00,50.35,2025-09-01,,inflation
PRC00913,ITEM0151,,60.00,40.23,2024-07-01,2025-03-14,menu revision
PRC00914,ITEM0151,,60.00,43.08,2025-03-15,2025-08-31,inflation
PRC00915,ITEM0151,,65.00,45.19,2025-09-01,,inflation
PRC00916,ITEM0151,LOC0003,65.00,40.23,2025-03-01,2025-03-14,location premium
PRC00917,ITEM0151,LOC0003,65.00,43.08,2025-03-15,2025-08-31,location premium
PRC00918,ITEM0151,LOC0003,70.00,45.19,2025-09-01,,location premium
PRC00919,ITEM0151,LOC0006,65.00,40.23,2025-03-01,2025-03-14,location premium
PRC00920,ITEM0151,LOC0006,65.00,43.08,2025-03-15,2025-08-31,location premium
PRC00921,ITEM0151,LOC0006,70.00,45.19,2025-09-01,,location premium
PRC00922,ITEM0151,LOC0009,65.00,40.23,2025-03-01,2025-03-14,location premium
PRC00923,ITEM0151,LOC0009,65.00,43.08,2025-03-15,2025-08-31,location premium
PRC00924,ITEM0151,LOC0009,70.00,45.19,2025-09-01,,location premium
PRC00925,ITEM0151,LOC0014,65.00,40.23,2025-03-01,2025-03-14,location premium
PRC00926,ITEM0151,LOC0014,65.00,43.08,2025-03-15,2025-08-31,location premium
PRC00927,ITEM0151,LOC0014,70.00,45.19,2025-09-01,,location premium
PRC00928,ITEM0151,LOC0018,65.00,40.23,2025-03-01,2025-03-14,location premium
PRC00929,ITEM0151,LOC0018,65.00,43.08,2025-03-15,2025-08-31,location premium
PRC00930,ITEM0151,LOC0018,70.00,45.19,2025-09-01,,location premium
PRC00931,ITEM0151,LOC0024,65.00,40.23,2025-03-01,2025-03-14,location premium
PRC00932,ITEM0151,LOC0024,65.00,43.08,2025-03-15,2025-08-31,location premium
PRC00933,ITEM0151,LOC0024,70.00,45.19,2025-09-01,,location premium
PRC00934,ITEM0151,LOC0025,65.00,40.23,2025-03-01,2025-03-14,location premium
PRC00935,ITEM0151,LOC0025,65.00,43.08,2025-03-15,2025-08-31,location premium
PRC00936,ITEM0151,LOC0025,70.00,45.19,2025-09-01,,location premium
PRC00937,ITEM0152,,90.00,36.25,2024-07-01,2025-03-14,menu revision
PRC00938,ITEM0152,,95.00,38.94,2025-03-15,2025-08-31,inflation
PRC00939,ITEM0152,,100.00,40.74,2025-09-01,,inflation
PRC00940,ITEM0153,,40.00,15.78,2024-07-01,2025-03-14,menu revision
PRC00941,ITEM0153,,40.00,16.47,2025-03-15,,inflation
PRC00942,ITEM0154,,350.00,118.60,2024-07-01,2025-03-14,menu revision
PRC00943,ITEM0154,,370.00,126.03,2025-03-15,,inflation
PRC00944,ITEM0155,,200.00,88.60,2024-07-01,2025-03-14,menu revision
PRC00945,ITEM0155,,210.00,93.65,2025-03-15,2025-08-31,inflation
PRC00946,ITEM0155,,220.00,95.85,2025-09-01,,inflation
PRC00947,ITEM0156,,120.00,43.10,2024-07-01,2025-03-14,menu revision
PRC00948,ITEM0156,,125.00,46.27,2025-03-15,2025-08-31,inflation
PRC00949,ITEM0156,,130.00,48.41,2025-09-01,,inflation
PRC00950,ITEM0157,,750.00,296.36,2024-07-01,2025-03-14,menu revision
PRC00951,ITEM0157,,770.00,314.38,2025-03-15,2025-08-31,inflation
PRC00952,ITEM0157,,800.00,322.21,2025-09-01,,inflation
PRC00953,ITEM0158,,350.00,143.84,2024-07-01,2025-03-14,menu revision
PRC00954,ITEM0158,,370.00,151.76,2025-03-15,2025-08-15,inflation
PRC00955,ITEM0159,,450.00,181.98,2024-07-01,2025-03-14,menu revision
PRC00956,ITEM0159,,460.00,192.62,2025-03-15,,inflation
PRC00957,ITEM0160,,100.00,44.23,2024-07-01,2025-03-14,menu revision
PRC00958,ITEM0160,,105.00,46.24,2025-03-15,2025-08-31,inflation
PRC00959,ITEM0160,,105.00,47.30,2025-09-01,,inflation
