promotion_id,item_id
PROMO001,ITEM0001
PROMO001,ITEM0002
PROMO001,ITEM0003
PROMO001,ITEM0004
PROMO001,ITEM0005
PROMO001,ITEM0006
PROMO001,ITEM0007
PROMO001,ITEM0008
PROMO001,ITEM0009
PROMO001,ITEM0011
PROMO001,ITEM0012
PROMO001,ITEM0013
PROMO001,ITEM0014
PROMO001,ITEM0015
PROMO001,ITEM0016
PROMO001,ITEM0017
PROMO001,ITEM0018
PROMO001,ITEM0019
PROMO001,ITEM0020
PROMO001,ITEM0021
PROMO001,ITEM0022
PROMO001,ITEM0023
PROMO001,ITEM0024
PROMO001,ITEM0025
PROMO001,ITEM0026
PROMO001,ITEM0027
PROMO001,ITEM0028
PROMO001,ITEM0029
PROMO001,ITEM0030
PROMO001,ITEM0032
PROMO001,ITEM0033
PROMO001,ITEM0034
PROMO001,ITEM0035
PROMO001,ITEM0036
PROMO001,ITEM0037
PROMO001,ITEM0038
PROMO001,ITEM0039
PROMO001,ITEM0040
PROMO001,ITEM0041
PROMO001,ITEM0042
PROMO001,ITEM0043
PROMO001,ITEM0044
PROMO001,ITEM0045
PROMO001,ITEM0046
PROMO001,ITEM0047
PROMO001,ITEM0048
PROMO001,ITEM0049
PROMO001,ITEM0050
PROMO001,ITEM0051
PROMO001,ITEM0052
PROMO001,ITEM0053
PROMO001,ITEM0054
PROMO001,ITEM0055
PROMO001,ITEM0056
PROMO001,ITEM0057
PROMO001,ITEM0058
PROMO001,ITEM0059
PROMO001,ITEM0060
PROMO001,ITEM0061
PROMO001,ITEM0062
PROMO001,ITEM0063
PROMO001,ITEM0064
PROMO001,ITEM0065
PROMO001,ITEM0066
PROMO001,ITEM0067
PROMO001,ITEM0068
PROMO001,ITEM0069
PROMO001,ITEM0070
PROMO001,ITEM0071
PROMO001,ITEM0072
PROMO001,ITEM0073
PROMO001,ITEM0074
PROMO001,ITEM0075
PROMO001,ITEM0076
PROMO001,ITEM0077
PROMO001,ITEM0081
PROMO001,ITEM0082
PROMO001,ITEM0083
PROMO001,ITEM0084
PROMO001,ITEM0085
PROMO001,ITEM0086
PROMO001,ITEM0087
PROMO001,ITEM0088
PROMO001,ITEM0089
PROMO001,ITEM0090
PROMO001,ITEM0092
PROMO001,ITEM0093
PROMO001,ITEM0094
PROMO001,ITEM0095
PROMO001,ITEM0096
PROMO001,ITEM0098
PROMO001,ITEM0099
PROMO001,ITEM0100
PROMO001,ITEM0101
PROMO001,ITEM0102
PROMO001,ITEM0103
PROMO001,ITEM0104
PROMO001,ITEM0105
PROMO001,ITEM0106
PROMO001,ITEM0107
PROMO001,ITEM0108
PROMO001,ITEM0109
PROMO001,ITEM0110
PROMO001,ITEM0111
PROMO001,ITEM0112
PROMO001,ITEM0113
PROMO001,ITEM0114
PROMO001,ITEM0115
PROMO001,ITEM0116
PROMO001,ITEM0117
PROMO001,ITEM0118
PROMO001,ITEM0119
PROMO001,ITEM0121
PROMO001,ITEM0122
PROMO001,ITEM0123
PROMO001,ITEM0124
PROMO001,ITEM0125
PROMO001,ITEM0126
PROMO001,ITEM0127
PROMO001,ITEM0128
PROMO001,ITEM0129
PROMO001,ITEM0130
PROMO001,ITEM0131
PROMO001,ITEM0132
PROMO001,ITEM0133
PROMO001,ITEM0134
PROMO001,ITEM0135
PROMO001,ITEM0136
PROMO001,ITEM0137
PROMO001,ITEM0138
PROMO001,ITEM0139
PROMO001,ITEM0140
PROMO001,ITEM0141
PROMO001,ITEM0142
PROMO001,ITEM0143
PROMO001,ITEM0146
PROMO001,ITEM0147
PROMO001,ITEM0148
PROMO001,ITEM0149
PROMO001,ITEM0150
PROMO001,ITEM0151
PROMO001,ITEM0152
PROMO001,ITEM0153
PROMO001,ITEM0154
PROMO001,ITEM0155
PROMO001,ITEM0156
PROMO001,ITEM0157
PROMO001,ITEM0158
PROMO001,ITEM0159
PROMO001,ITEM0160
PROMO002,ITEM0014
PROMO002,ITEM0015
PROMO002,ITEM0016
PROMO002,ITEM0017
PROMO002,ITEM0018
PROMO002,ITEM0019
PROMO002,ITEM0020
PROMO002,ITEM0021
PROMO002,ITEM0022
PROMO002,ITEM0124
PROMO002,ITEM0125
PROMO002,ITEM0126
PROMO002,ITEM0127
PROMO002,ITEM0128
PROMO002,ITEM0129
PROMO002,ITEM0130
PROMO002,ITEM0131
PROMO002,ITEM0132
PROMO002,ITEM0133
PROMO003,ITEM0081
PROMO003,ITEM0082
PROMO003,ITEM0083
PROMO003,ITEM0084
PROMO003,ITEM0085
PROMO003,ITEM0086
PROMO003,ITEM0087
PROMO003,ITEM0088
PROMO003,ITEM0089
PROMO003,ITEM0090
PROMO003,ITEM0092
PROMO003,ITEM0093
PROMO003,ITEM0094
PROMO003,ITEM0095
PROMO003,ITEM0096
PROMO003,ITEM0098
PROMO003,ITEM0099
PROMO003,ITEM0100
PROMO003,ITEM0101
PROMO003,ITEM0111
PROMO003,ITEM0112
PROMO003,ITEM0113
PROMO003,ITEM0114
PROMO003,ITEM0115
PROMO003,ITEM0116
PROMO003,ITEM0117
PROMO003,ITEM0118
PROMO003,ITEM0119
PROMO003,ITEM0121
PROMO003,ITEM0122
PROMO003,ITEM0123
PROMO004,ITEM0001
PROMO004,ITEM0002
PROMO004,ITEM0003
PROMO004,ITEM0004
PROMO004,ITEM0005
PROMO004,ITEM0006
PROMO004,ITEM0007
PROMO004,ITEM0008
PROMO004,ITEM0009
PROMO004,ITEM0011
PROMO004,ITEM0012
PROMO004,ITEM0013
PROMO004,ITEM0032
PROMO004,ITEM0033
PROMO004,ITEM0034
PROMO004,ITEM0035
PROMO004,ITEM0036
PROMO004,ITEM0037
PROMO004,ITEM0038
PROMO004,ITEM0039
PROMO004,ITEM0040
PROMO004,ITEM0041
PROMO004,ITEM0042
PROMO004,ITEM0043
PROMO004,ITEM0044
PROMO004,ITEM0045
PROMO004,ITEM0046
PROMO004,ITEM0047
PROMO004,ITEM0048
PROMO004,ITEM0049
PROMO004,ITEM0050
PROMO004,ITEM0051
PROMO004,ITEM0052
PROMO004,ITEM0053
PROMO004,ITEM0054
PROMO004,ITEM0055
PROMO004,ITEM0056
PROMO005,ITEM0007
PROMO005,ITEM0042
PROMO005,ITEM0057
PROMO005,ITEM0058
PROMO005,ITEM0059
PROMO005,ITEM0060
PROMO005,ITEM0061
PROMO005,ITEM0062
PROMO005,ITEM0063
PROMO005,ITEM0064
PROMO005,ITEM0065
PROMO005,ITEM0066
PROMO005,ITEM0067
PROMO005,ITEM0070
PROMO005,ITEM0087
PROMO005,ITEM0118
PROMO006,ITEM0081
PROMO006,ITEM0082
PROMO006,ITEM0083
PROMO006,ITEM0084
PROMO006,ITEM0085
PROMO006,ITEM0086
PROMO006,ITEM0087
PROMO006,ITEM0088
PROMO006,ITEM0089
PROMO006,ITEM0090
PROMO007,ITEM0134
PROMO007,ITEM0135
PROMO007,ITEM0136
PROMO007,ITEM0137
PROMO007,ITEM0138
PROMO007,ITEM0139
PROMO007,ITEM0140
PROMO007,ITEM0141
PROMO007,ITEM0142
PROMO007,ITEM0143
PROMO007,ITEM0145
PROMO007,ITEM0146
PROMO007,ITEM0147
PROMO008,ITEM0001
PROMO008,ITEM0002
PROMO008,ITEM0003
PROMO008,ITEM0004
PROMO008,ITEM0005
PROMO008,ITEM0006
PROMO008,ITEM0007
PROMO008,ITEM0008
PROMO008,ITEM0009
PROMO008,ITEM0010
PROMO008,ITEM0011
PROMO008,ITEM0012
PROMO008,ITEM0013
PROMO008,ITEM0014
PROMO008,ITEM0015
PROMO008,ITEM0016
PROMO008,ITEM0017
PROMO008,ITEM0018
PROMO008,ITEM0019
PROMO008,ITEM0020
PROMO008,ITEM0021
PROMO008,ITEM0023
PROMO008,ITEM0024
PROMO008,ITEM0025
PROMO008,ITEM0026
PROMO008,ITEM0027
PROMO008,ITEM0028
PROMO008,ITEM0029
PROMO008,ITEM0030
PROMO008,ITEM0031
PROMO008,ITEM0032
PROMO008,ITEM0033
PROMO008,ITEM0034
PROMO008,ITEM0035
PROMO008,ITEM0036
PROMO008,ITEM0037
PROMO008,ITEM0038
PROMO008,ITEM0039
PROMO008,ITEM0040
PROMO008,ITEM0041
PROMO008,ITEM0042
PROMO008,ITEM0043
PROMO008,ITEM0044
PROMO008,ITEM0045
PROMO008,ITEM0046
PROMO008,ITEM0047
PROMO008,ITEM0048
PROMO008,ITEM0049
PROMO008,ITEM0050
PROMO008,ITEM0051
PROMO008,ITEM0052
PROMO008,ITEM0053
PROMO008,ITEM0054
PROMO008,ITEM0055
PROMO008,ITEM0056
PROMO008,ITEM0057
PROMO008,ITEM0058
PROMO008,ITEM0059
PROMO008,ITEM0060
PROMO008,ITEM0061
PROMO008,ITEM0062
PROMO008,ITEM0063
PROMO008,ITEM0064
PROMO008,ITEM0065
PROMO008,ITEM0066
PROMO008,ITEM0067
PROMO008,ITEM0068
PROMO008,ITEM0069
PROMO008,ITEM0070
PROMO008,ITEM0071
PROMO008,ITEM0072
PROMO008,ITEM0073
PROMO008,ITEM0074
PROMO008,ITEM0075
PROMO008,ITEM0076
PROMO008,ITEM0077
PROMO008,ITEM0081
PROMO008,ITEM0082
PROMO008,ITEM0083
PROMO008,ITEM0084
PROMO008,ITEM0085
PROMO008,ITEM0086
PROMO008,ITEM0087
PROMO008,ITEM0088
PROMO008,ITEM0089
PROMO008,ITEM0090
PROMO008,ITEM0091
PROMO008,ITEM0092
PROMO008,ITEM0093
PROMO008,ITEM0094
PROMO008,ITEM0095
PROMO008,ITEM0096
PROMO008,ITEM0098
PROMO008,ITEM0099
PROMO008,ITEM0100
PROMO008,ITEM0101
PROMO008,ITEM0102
PROMO008,ITEM0103
PROMO008,ITEM0104
PROMO008,ITEM0105
PROMO008,ITEM0106
PROMO008,ITEM0107
PROMO008,ITEM0108
PROMO008,ITEM0109
PROMO008,ITEM0110
PROMO008,ITEM0111
PROMO008,ITEM0112
PROMO008,ITEM0113
PROMO008,ITEM0114
PROMO008,ITEM0115
PROMO008,ITEM0116
PROMO008,ITEM0117
PROMO008,ITEM0118
PROMO008,ITEM0119
PROMO008,ITEM0121
PROMO008,ITEM0122
PROMO008,ITEM0123
PROMO008,ITEM0124
PROMO008,ITEM0125
PROMO008,ITEM0126
PROMO008,ITEM0127
PROMO008,ITEM0128
PROMO008,ITEM0129
PROMO008,ITEM0130
PROMO008,ITEM0131
PROMO008,ITEM0132
PROMO008,ITEM0133
PROMO008,ITEM0134
PROMO008,ITEM0135
PROMO008,ITEM0136
PROMO008,ITEM0137
PROMO008,ITEM0138
PROMO008,ITEM0139
PROMO008,ITEM0140
PROMO008,ITEM0141
PROMO008,ITEM0142
PROMO008,ITEM0143
PROMO008,ITEM0145
PROMO008,ITEM0146
PROMO008,ITEM0147
PROMO008,ITEM0148
PROMO008,ITEM0149
PROMO008,ITEM0150
PROMO008,ITEM0151
PROMO008,ITEM0152
PROMO008,ITEM0153
PROMO008,ITEM0154
PROMO008,ITEM0155
PROMO008,ITEM0156
PROMO008,ITEM0157
PROMO008,ITEM0158
PROMO008,ITEM0159
PROMO008,ITEM0160
PROMO009,ITEM0001
PROMO009,ITEM0002
PROMO009,ITEM0003
PROMO009,ITEM0004
PROMO009,ITEM0005
PROMO009,ITEM0006
PROMO009,ITEM0007
PROMO009,ITEM0008
PROMO009,ITEM0009
PROMO009,ITEM0010
PROMO009,ITEM0011
PROMO009,ITEM0012
PROMO009,ITEM0013
PROMO009,ITEM0014
PROMO009,ITEM0015
PROMO009,ITEM0016
PROMO009,ITEM0017
PROMO009,ITEM0018
PROMO009,ITEM0019
PROMO009,ITEM0020
PROMO009,ITEM0021
PROMO009,ITEM0023
PROMO009,ITEM0024
PROMO009,ITEM0025
PROMO009,ITEM0026
PROMO009,ITEM0027
PROMO009,ITEM0028
PROMO009,ITEM0029
PROMO009,ITEM0030
PROMO009,ITEM0031
PROMO009,ITEM0032
PROMO009,ITEM0033
PROMO009,ITEM0034
PROMO009,ITEM0035
PROMO009,ITEM0036
PROMO009,ITEM0037
PROMO009,ITEM0038
PROMO009,ITEM0039
PROMO009,ITEM0040
PROMO009,ITEM0041
PROMO009,ITEM0042
PROMO009,ITEM0043
PROMO009,ITEM0044
PROMO009,ITEM0045
PROMO009,ITEM0046
PROMO009,ITEM0047
PROMO009,ITEM0048
PROMO009,ITEM0049
PROMO009,ITEM0050
PROMO009,ITEM0051
PROMO009,ITEM0052
PROMO009,ITEM0053
PROMO009,ITEM0054
PROMO009,ITEM0055
PROMO009,ITEM0056
PROMO009,ITEM0057
PROMO009,ITEM0058
PROMO009,ITEM0059
PROMO009,ITEM0060
PROMO009,ITEM0061
PROMO009,ITEM0062
PROMO009,ITEM0063
PROMO009,ITEM0064
PROMO009,ITEM0065
PROMO009,ITEM0066
PROMO009,ITEM0067
PROMO009,ITEM0068
PROMO009,ITEM0069
PROMO009,ITEM0070
PROMO009,ITEM0071
PROMO009,ITEM0072
PROMO009,ITEM0073
PROMO009,ITEM0074
PROMO009,ITEM0075
PROMO009,ITEM0076
PROMO009,ITEM0077
PROMO009,ITEM0081
PROMO009,ITEM0082
PROMO009,ITEM0083
PROMO009,ITEM0084
PROMO009,ITEM0085
PROMO009,ITEM0086
PROMO009,ITEM0087
PROMO009,ITEM0088
PROMO009,ITEM0089
PROMO009,ITEM0090
PROMO009,ITEM0091
PROMO009,ITEM0092
PROMO009,ITEM0093
PROMO009,ITEM0094
PROMO009,ITEM0095
PROMO009,ITEM0096
PROMO009,ITEM0098
PROMO009,ITEM0099
PROMO009,ITEM0100
PROMO009,ITEM0101
PROMO009,ITEM0102
PROMO009,ITEM0103
PROMO009,ITEM0104
PROMO009,ITEM0105
PROMO009,ITEM0106
PROMO009,ITEM0107
PROMO009,ITEM0108
PROMO009,ITEM0109
PROMO009,ITEM0110
PROMO009,ITEM0111
PROMO009,ITEM0112
PROMO009,ITEM0113
PROMO009,ITEM0114
PROMO009,ITEM0115
PROMO009,ITEM0116
PROMO009,ITEM0117
PROMO009,ITEM0118
PROMO009,ITEM0119
PROMO009,ITEM0121
PROMO009,ITEM0122
PROMO009,ITEM0123
PROMO009,ITEM0124
PROMO009,ITEM0125
PROMO009,ITEM0126
PROMO009,ITEM0127
PROMO009,ITEM0128
PROMO009,ITEM0129
PROMO009,ITEM0130
PROMO009,ITEM0131
PROMO009,ITEM0132
PROMO009,ITEM0133
PROMO009,ITEM0134
PROMO009,ITEM0135
PROMO009,ITEM0136
PROMO009,ITEM0137
PROMO009,ITEM0138
PROMO009,ITEM0139
PROMO009,ITEM0140
PROMO009,ITEM0141
PROMO009,ITEM0142
PROMO009,ITEM0143
PROMO009,ITEM0145
PROMO009,ITEM0146
PROMO009,ITEM0147
PROMO009,ITEM0148
PROMO009,ITEM0149
PROMO009,ITEM0150
PROMO009,ITEM0151
PROMO009,ITEM0152
PROMO009,ITEM0153
PROMO009,ITEM0154
PROMO009,ITEM0155
PROMO009,ITEM0156
PROMO009,ITEM0157
PROMO009,ITEM0158
PROMO009,ITEM0159
PROMO009,ITEM0160
PROMO010,ITEM0032
PROMO010,ITEM0033
PROMO010,ITEM0034
PROMO010,ITEM0035
PROMO010,ITEM0036
PROMO010,ITEM0037
PROMO010,ITEM0038
PROMO010,ITEM0039
PROMO010,ITEM0040
PROMO010,ITEM0041
PROMO010,ITEM0042
PROMO010,ITEM0043
PROMO010,ITEM0044
PROMO011,ITEM0001
PROMO011,ITEM0002
PROMO011,ITEM0003
PROMO011,ITEM0004
PROMO011,ITEM0005
PROMO011,ITEM0006
PROMO011,ITEM0007
PROMO011,ITEM0008
PROMO011,ITEM0009
PROMO011,ITEM0010
PROMO011,ITEM0011
PROMO011,ITEM0012
PROMO011,ITEM0013
PROMO011,ITEM0124
PROMO011,ITEM0125
PROMO011,ITEM0126
PROMO011,ITEM0127
PROMO011,ITEM0128
PROMO011,ITEM0129
PROMO011,ITEM0130
PROMO011,ITEM0131
PROMO011,ITEM0132
PROMO011,ITEM0133
PROMO012,ITEM0023
PROMO012,ITEM0032
PROMO012,ITEM0033
PROMO012,ITEM0045
PROMO012,ITEM0046
PROMO012,ITEM0047
PROMO012,ITEM0048
PROMO012,ITEM0049
PROMO012,ITEM0050
PROMO012,ITEM0051
PROMO012,ITEM0052
PROMO012,ITEM0053
PROMO012,ITEM0054
PROMO012,ITEM0055
PROMO012,ITEM0056
PROMO013,ITEM0001
PROMO013,ITEM0002
PROMO013,ITEM0003
PROMO013,ITEM0004
PROMO013,ITEM0005
PROMO013,ITEM0006
PROMO013,ITEM0007
PROMO013,ITEM0008
PROMO013,ITEM0009
PROMO013,ITEM0010
PROMO013,ITEM0011
PROMO013,ITEM0012
PROMO013,ITEM0013
PROMO013,ITEM0014
PROMO013,ITEM0015
PROMO013,ITEM0016
PROMO013,ITEM0017
PROMO013,ITEM0018
PROMO013,ITEM0019
PROMO013,ITEM0020
PROMO013,ITEM0021
PROMO013,ITEM0023
PROMO013,ITEM0024
PROMO013,ITEM0025
PROMO013,ITEM0026
PROMO013,ITEM0027
PROMO013,ITEM0028
PROMO013,ITEM0029
PROMO013,ITEM0030
PROMO013,ITEM0031
PROMO013,ITEM0032
PROMO013,ITEM0033
PROMO013,ITEM0034
PROMO013,ITEM0035
PROMO013,ITEM0036
PROMO013,ITEM0037
PROMO013,ITEM0038
PROMO013,ITEM0039
PROMO013,ITEM0040
PROMO013,ITEM0041
PROMO013,ITEM0042
PROMO013,ITEM0043
PROMO013,ITEM0044
PROMO013,ITEM0045
PROMO013,ITEM0046
PROMO013,ITEM0047
PROMO013,ITEM0048
PROMO013,ITEM0049
PROMO013,ITEM0050
PROMO013,ITEM0051
PROMO013,ITEM0052
PROMO013,ITEM0053
PROMO013,ITEM0054
PROMO013,ITEM0055
PROMO013,ITEM0056
PROMO013,ITEM0057
PROMO013,ITEM0058
PROMO013,ITEM0059
PROMO013,ITEM0060
PROMO013,ITEM0061
PROMO013,ITEM0062
PROMO013,ITEM0064
PROMO013,ITEM0065
PROMO013,ITEM0066
PROMO013,ITEM0067
PROMO013,ITEM0068
PROMO013,ITEM0069
PROMO013,ITEM0070
PROMO013,ITEM0071
PROMO013,ITEM0072
PROMO013,ITEM0073
PROMO013,ITEM0074
PROMO013,ITEM0075
PROMO013,ITEM0076
PROMO013,ITEM0077
PROMO013,ITEM0081
PROMO013,ITEM0082
PROMO013,ITEM0083
PROMO013,ITEM0084
PROMO013,ITEM0085
PROMO013,ITEM0086
PROMO013,ITEM0087
PROMO013,ITEM0088
PROMO013,ITEM0089
PROMO013,ITEM0090
PROMO013,ITEM0091
PROMO013,ITEM0092
PROMO013,ITEM0093
PROMO013,ITEM0094
PROMO013,ITEM0095
PROMO013,ITEM0096
PROMO013,ITEM0098
PROMO013,ITEM0099
PROMO013,ITEM0100
PROMO013,ITEM0101
PROMO013,ITEM0102
PROMO013,ITEM0103
PROMO013,ITEM0104
PROMO013,ITEM0105
PROMO013,ITEM0106
PROMO013,ITEM0107
PROMO013,ITEM0108
PROMO013,ITEM0109
PROMO013,ITEM0110
PROMO013,ITEM0111
PROMO013,ITEM0112
PROMO013,ITEM0113
PROMO013,ITEM0114
PROMO013,ITEM0115
PROMO013,ITEM0116
PROMO013,ITEM0117
PROMO013,ITEM0118
PROMO013,ITEM0119
PROMO013,ITEM0121
PROMO013,ITEM0122
PROMO013,ITEM0123
PROMO013,ITEM0124
PROMO013,ITEM0125
PROMO013,ITEM0126
PROMO013,ITEM0127
PROMO013,ITEM0128
PROMO013,ITEM0129
PROMO013,ITEM0130
PROMO013,ITEM0131
PROMO013,ITEM0132
PROMO013,ITEM0133
PROMO013,ITEM0134
PROMO013,ITEM0135
PROMO013,ITEM0136
PROMO013,ITEM0137
PROMO013,ITEM0138
PROMO013,ITEM0139
PROMO013,ITEM0140
PROMO013,ITEM0141
PROMO013,ITEM0142
PROMO013,ITEM0143
PROMO013,ITEM0145
PROMO013,ITEM0146
PROMO013,ITEM0147
PROMO013,ITEM0148
PROMO013,ITEM0149
PROMO013,ITEM0150
PROMO013,ITEM0151
PROMO013,ITEM0152
PROMO013,ITEM0153
PROMO013,ITEM0154
PROMO013,ITEM0155
PROMO013,ITEM0156
PROMO013,ITEM0157
PROMO013,ITEM0158
PROMO013,ITEM0159
PROMO013,ITEM0160
PROMO014,ITEM0068
PROMO014,ITEM0069
PROMO014,ITEM0070
PROMO014,ITEM0071
PROMO014,ITEM0072
PROMO014,ITEM0073
PROMO014,ITEM0074
PROMO014,ITEM0075
PROMO014,ITEM0076
PROMO014,ITEM0077
PROMO015,ITEM0001
PROMO015,ITEM0002
PROMO015,ITEM0003
PROMO015,ITEM0004
PROMO015,ITEM0005
PROMO015,ITEM0006
PROMO015,ITEM0007
PROMO015,ITEM0008
PROMO015,ITEM0009
PROMO015,ITEM0010
PROMO015,ITEM0011
PROMO015,ITEM0012
PROMO015,ITEM0013
PROMO015,ITEM0014
PROMO015,ITEM0015
PROMO015,ITEM0016
PROMO015,ITEM0017
PROMO015,ITEM0018
PROMO015,ITEM0019
PROMO015,ITEM0020
PROMO015,ITEM0021
PROMO015,ITEM0023
PROMO015,ITEM0024
PROMO015,ITEM0025
PROMO015,ITEM0026
PROMO015,ITEM0027
PROMO015,ITEM0028
PROMO015,ITEM0029
PROMO015,ITEM0030
PROMO015,ITEM0031
PROMO015,ITEM0032
PROMO015,ITEM0033
PROMO015,ITEM0034
PROMO015,ITEM0035
PROMO015,ITEM0036
PROMO015,ITEM0037
PROMO015,ITEM0038
PROMO015,ITEM0039
PROMO015,ITEM0040
PROMO015,ITEM0041
PROMO015,ITEM0042
PROMO015,ITEM0043
PROMO015,ITEM0044
PROMO015,ITEM0045
PROMO015,ITEM0046
PROMO015,ITEM0047
PROMO015,ITEM0048
PROMO015,ITEM0049
PROMO015,ITEM0050
PROMO015,ITEM0051
PROMO015,ITEM0052
PROMO015,ITEM0053
PROMO015,ITEM0054
PROMO015,ITEM0055
PROMO015,ITEM0056
PROMO015,ITEM0057
PROMO015,ITEM0058
PROMO015,ITEM0059
PROMO015,ITEM0060
PROMO015,ITEM0061
PROMO015,ITEM0062
PROMO015,ITEM0064
PROMO015,ITEM0065
PROMO015,ITEM0066
PROMO015,ITEM0067
PROMO015,ITEM0068
PROMO015,ITEM0069
PROMO015,ITEM0070
PROMO015,ITEM0071
PROMO015,ITEM0072
PROMO015,ITEM0073
PROMO015,ITEM0074
PROMO015,ITEM0075
PROMO015,ITEM0076
PROMO015,ITEM0077
PROMO015,ITEM0078
PROMO015,ITEM0081
PROMO015,ITEM0082
PROMO015,ITEM0083
PROMO015,ITEM0084
PROMO015,ITEM0085
PROMO015,ITEM0086
PROMO015,ITEM0087
PROMO015,ITEM0088
PROMO015,ITEM0089
PROMO015,ITEM0090
PROMO015,ITEM0091
PROMO015,ITEM0092
PROMO015,ITEM0093
PROMO015,ITEM0094
PROMO015,ITEM0095
PROMO015,ITEM0096
PROMO015,ITEM0098
PROMO015,ITEM0099
PROMO015,ITEM0100
PROMO015,ITEM0101
PROMO015,ITEM0102
PROMO015,ITEM0103
PROMO015,ITEM0104
PROMO015,ITEM0105
PROMO015,ITEM0106
PROMO015,ITEM0107
PROMO015,ITEM0108
PROMO015,ITEM0109
PROMO015,ITEM0110
PROMO015,ITEM0111
PROMO015,ITEM0112
PROMO015,ITEM0113
PROMO015,ITEM0114
PROMO015,ITEM0115
PROMO015,ITEM0116
PROMO015,ITEM0117
PROMO015,ITEM0118
PROMO015,ITEM0119
PROMO015,ITEM0121
PROMO015,ITEM0122
PROMO015,ITEM0123
PROMO015,ITEM0124
PROMO015,ITEM0125
PROMO015,ITEM0126
PROMO015,ITEM0127
PROMO015,ITEM0128
PROMO015,ITEM0129
PROMO015,ITEM0130
PROMO015,ITEM0131
PROMO015,ITEM0132
PROMO015,ITEM0133
PROMO015,ITEM0134
PROMO015,ITEM0135
PROMO015,ITEM0136
PROMO015,ITEM0137
PROMO015,ITEM0138
PROMO015,ITEM0139
PROMO015,ITEM0140
PROMO015,ITEM0141
PROMO015,ITEM0142
PROMO015,ITEM0143
PROMO015,ITEM0145
PROMO015,ITEM0146
PROMO015,ITEM0147
PROMO015,ITEM0148
PROMO015,ITEM0149
PROMO015,ITEM0150
PROMO015,ITEM0151
PROMO015,ITEM0152
PROMO015,ITEM0153
PROMO015,ITEM0154
PROMO015,ITEM0155
PROMO015,ITEM0156
PROMO015,ITEM0157
PROMO015,ITEM0159
PROMO015,ITEM0160
PROMO016,ITEM0092
PROMO016,ITEM0093
PROMO016,ITEM0094
PROMO016,ITEM0095
PROMO016,ITEM0096
PROMO016,ITEM0097
PROMO016,ITEM0098
PROMO016,ITEM0099
PROMO016,ITEM0100
PROMO016,ITEM0101
PROMO017,ITEM0007
PROMO017,ITEM0042
PROMO017,ITEM0070
PROMO017,ITEM0087
PROMO017,ITEM0118
PROMO017,ITEM0134
PROMO017,ITEM0135
PROMO017,ITEM0136
PROMO017,ITEM0137
PROMO017,ITEM0138
PROMO017,ITEM0139
PROMO017,ITEM0140
PROMO017,ITEM0141
PROMO017,ITEM0142
PROMO017,ITEM0143
PROMO017,ITEM0144
PROMO017,ITEM0145
PROMO017,ITEM0146
PROMO017,ITEM0147
PROMO017,ITEM0148
PROMO017,ITEM0149
PROMO017,ITEM0150
PROMO017,ITEM0151
PROMO017,ITEM0152
PROMO017,ITEM0153
PROMO017,ITEM0154
PROMO017,ITEM0155
PROMO017,ITEM0156
PROMO017,ITEM0157
PROMO017,ITEM0159
PROMO017,ITEM0160
PROMO018,ITEM0001
PROMO018,ITEM0002
PROMO018,ITEM0003
PROMO018,ITEM0004
PROMO018,ITEM0005
PROMO018,ITEM0006
PROMO018,ITEM0007
PROMO018,ITEM0008
PROMO018,ITEM0009
PROMO018,ITEM0010
PROMO018,ITEM0011
PROMO018,ITEM0012
PROMO018,ITEM0013
PROMO018,ITEM0014
PROMO018,ITEM0015
PROMO018,ITEM0016
PROMO018,ITEM0017
PROMO018,ITEM0018
PROMO018,ITEM0019
PROMO018,ITEM0020
PROMO018,ITEM0021
PROMO018,ITEM0023
PROMO018,ITEM0024
PROMO018,ITEM0025
PROMO018,ITEM0026
PROMO018,ITEM0027
PROMO018,ITEM0028
PROMO018,ITEM0029
PROMO018,ITEM0030
PROMO018,ITEM0031
PROMO018,ITEM0032
PROMO018,ITEM0033
PROMO018,ITEM0034
PROMO018,ITEM0035
PROMO018,ITEM0036
PROMO018,ITEM0037
PROMO018,ITEM0038
PROMO018,ITEM0039
PROMO018,ITEM0040
PROMO018,ITEM0041
PROMO018,ITEM0042
PROMO018,ITEM0043
PROMO018,ITEM0044
PROMO018,ITEM0045
PROMO018,ITEM0046
PROMO018,ITEM0047
PROMO018,ITEM0048
PROMO018,ITEM0049
PROMO018,ITEM0050
PROMO018,ITEM0051
PROMO018,ITEM0052
PROMO018,ITEM0053
PROMO018,ITEM0054
PROMO018,ITEM0055
PROMO018,ITEM0056
PROMO018,ITEM0057
PROMO018,ITEM0058
PROMO018,ITEM0059
PROMO018,ITEM0060
PROMO018,ITEM0061
PROMO018,ITEM0062
PROMO018,ITEM0064
PROMO018,ITEM0065
PROMO018,ITEM0066
PROMO018,ITEM0067
PROMO018,ITEM0068
PROMO018,ITEM0069
PROMO018,ITEM0070
PROMO018,ITEM0071
PROMO018,ITEM0072
PROMO018,ITEM0073
PROMO018,ITEM0074
PROMO018,ITEM0075
PROMO018,ITEM0076
PROMO018,ITEM0077
PROMO018,ITEM0078
PROMO018,ITEM0079
PROMO018,ITEM0080
PROMO018,ITEM0081
PROMO018,ITEM0082
PROMO018,ITEM0083
PROMO018,ITEM0084
PROMO018,ITEM0085
PROMO018,ITEM0086
PROMO018,ITEM0087
PROMO018,ITEM0088
PROMO018,ITEM0089
PROMO018,ITEM0090
PROMO018,ITEM0091
PROMO018,ITEM0092
PROMO018,ITEM0093
PROMO018,ITEM0094
PROMO018,ITEM0095
PROMO018,ITEM0096
PROMO018,ITEM0097
PROMO018,ITEM0098
PROMO018,ITEM0099
PROMO018,ITEM0100
PROMO018,ITEM0101
PROMO018,ITEM0102
PROMO018,ITEM0103
PROMO018,ITEM0104
PROMO018,ITEM0105
PROMO018,ITEM0106
PROMO018,ITEM0107
PROMO018,ITEM0108
PROMO018,ITEM0109
PROMO018,ITEM0110
PROMO018,ITEM0111
PROMO018,ITEM0112
PROMO018,ITEM0113
PROMO018,ITEM0114
PROMO018,ITEM0115
PROMO018,ITEM0116
PROMO018,ITEM0117
PROMO018,ITEM0118
PROMO018,ITEM0119
PROMO018,ITEM0121
PROMO018,ITEM0122
PROMO018,ITEM0123
PROMO018,ITEM0124
PROMO018,ITEM0125
PROMO018,ITEM0126
PROMO018,ITEM0127
PROMO018,ITEM0128
PROMO018,ITEM0129
PROMO018,ITEM0130
PROMO018,ITEM0132
PROMO018,ITEM0133
PROMO018,ITEM0134
PROMO018,ITEM0135
PROMO018,ITEM0136
PROMO018,ITEM0137
PROMO018,ITEM0138
PROMO018,ITEM0139
PROMO018,ITEM0140
PROMO018,ITEM0141
PROMO018,ITEM0142
PROMO018,ITEM0143
PROMO018,ITEM0144
PROMO018,ITEM0145
PROMO018,ITEM0146
PROMO018,ITEM0147
PROMO018,ITEM0148
PROMO018,ITEM0149
PROMO018,ITEM0150
PROMO018,ITEM0151
PROMO018,ITEM0152
PROMO018,ITEM0153
PROMO018,ITEM0154
PROMO018,ITEM0155
PROMO018,ITEM0156
PROMO018,ITEM0157
PROMO018,ITEM0159
PROMO018,ITEM0160
PROMO019,ITEM0014
PROMO019,ITEM0015
PROMO019,ITEM0016
PROMO019,ITEM0017
PROMO019,ITEM0018
PROMO019,ITEM0019
PROMO019,ITEM0020
PROMO019,ITEM0021
PROMO019,ITEM0124
PROMO019,ITEM0125
PROMO019,ITEM0126
PROMO019,ITEM0127
PROMO019,ITEM0128
PROMO019,ITEM0129
PROMO019,ITEM0130
PROMO019,ITEM0132
PROMO019,ITEM0133
PROMO020,ITEM0001
PROMO020,ITEM0002
PROMO020,ITEM0003
PROMO020,ITEM0004
PROMO020,ITEM0005
PROMO020,ITEM0006
PROMO020,ITEM0007
PROMO020,ITEM0008
PROMO020,ITEM0009
PROMO020,ITEM0010
PROMO020,ITEM0011
PROMO020,ITEM0012
PROMO020,ITEM0013
PROMO020,ITEM0014
PROMO020,ITEM0015
PROMO020,ITEM0016
PROMO020,ITEM0017
PROMO020,ITEM0018
PROMO020,ITEM0019
PROMO020,ITEM0020
PROMO020,ITEM0021
PROMO020,ITEM0023
PROMO020,ITEM0024
PROMO020,ITEM0025
PROMO020,ITEM0026
PROMO020,ITEM0027
PROMO020,ITEM0028
PROMO020,ITEM0029
PROMO020,ITEM0030
PROMO020,ITEM0031
PROMO020,ITEM0032
PROMO020,ITEM0033
PROMO020,ITEM0034
PROMO020,ITEM0035
PROMO020,ITEM0036
PROMO020,ITEM0037
PROMO020,ITEM0038
PROMO020,ITEM0039
PROMO020,ITEM0040
PROMO020,ITEM0041
PROMO020,ITEM0042
PROMO020,ITEM0043
PROMO020,ITEM0044
PROMO020,ITEM0045
PROMO020,ITEM0046
PROMO020,ITEM0047
PROMO020,ITEM0048
PROMO020,ITEM0049
PROMO020,ITEM0050
PROMO020,ITEM0051
PROMO020,ITEM0052
PROMO020,ITEM0053
PROMO020,ITEM0054
PROMO020,ITEM0055
PROMO020,ITEM0056
PROMO020,ITEM0057
PROMO020,ITEM0058
PROMO020,ITEM0059
PROMO020,ITEM0060
PROMO020,ITEM0061
PROMO020,ITEM0062
PROMO020,ITEM0064
PROMO020,ITEM0065
PROMO020,ITEM0066
PROMO020,ITEM0067
PROMO020,ITEM0068
PROMO020,ITEM0069
PROMO020,ITEM0070
PROMO020,ITEM0071
PROMO020,ITEM0072
PROMO020,ITEM0073
PROMO020,ITEM0074
PROMO020,ITEM0075
PROMO020,ITEM0076
PROMO020,ITEM0077
PROMO020,ITEM0078
PROMO020,ITEM0079
PROMO020,ITEM0080
PROMO020,ITEM0081
PROMO020,ITEM0082
PROMO020,ITEM0083
PROMO020,ITEM0084
PROMO020,ITEM0085
PROMO020,ITEM0086
PROMO020,ITEM0087
PROMO020,ITEM0088
PROMO020,ITEM0089
PROMO020,ITEM0090
PROMO020,ITEM0091
PROMO020,ITEM0092
PROMO020,ITEM0093
PROMO020,ITEM0094
PROMO020,ITEM0095
PROMO020,ITEM0096
PROMO020,ITEM0097
PROMO020,ITEM0098
PROMO020,ITEM0099
PROMO020,ITEM0100
PROMO020,ITEM0101
PROMO020,ITEM0102
PROMO020,ITEM0103
PROMO020,ITEM0104
PROMO020,ITEM0105
PROMO020,ITEM0106
PROMO020,ITEM0107
PROMO020,ITEM0108
PROMO020,ITEM0109
PROMO020,ITEM0110
PROMO020,ITEM0111
PROMO020,ITEM0112
PROMO020,ITEM0113
PROMO020,ITEM0114
PROMO020,ITEM0115
PROMO020,ITEM0116
PROMO020,ITEM0117
PROMO020,ITEM0118
PROMO020,ITEM0119
PROMO020,ITEM0120
PROMO020,ITEM0121
PROMO020,ITEM0122
PROMO020,ITEM0123
PROMO020,ITEM0124
PROMO020,ITEM0125
PROMO020,ITEM0126
PROMO020,ITEM0127
PROMO020,ITEM0128
PROMO020,ITEM0129
PROMO020,ITEM0130
PROMO020,ITEM0132
PROMO020,ITEM0133
PROMO020,ITEM0134
PROMO020,ITEM0135
PROMO020,ITEM0136
PROMO020,ITEM0137
PROMO020,ITEM0138
PROMO020,ITEM0139
PROMO020,ITEM0140
PROMO020,ITEM0141
PROMO020,ITEM0142
PROMO020,ITEM0143
PROMO020,ITEM0144
PROMO020,ITEM0145
PROMO020,ITEM0146
PROMO020,ITEM0147
PROMO020,ITEM0148
PROMO020,ITEM0149
PROMO020,ITEM0150
PROMO020,ITEM0151
PROMO020,ITEM0152
PROMO020,ITEM0153
PROMO020,ITEM0154
PROMO020,ITEM0155
PROMO020,ITEM0156
PROMO020,ITEM0157
PROMO020,ITEM0159
PROMO020,ITEM0160
