customer_id,signup_date,age_group,gender,home_location_id,preferred_channel,loyalty_member
CUST0000001,2023-10-31,35-44,Male,LOC0021,App,False
CUST0000002,2022-01-20,45-54,Male,LOC0011,Website,False
CUST0000003,2024-06-20,55+,Male,LOC0015,Dine-in,True
CUST0000004,2025-06-28,55+,Female,LOC0023,App,False
CUST0000005,2024-05-14,55+,Male,LOC0007,ThirdPartyDelivery,False
CUST0000006,2025-05-03,18-24,Female,LOC0006,App,False
CUST0000007,2022-10-18,35-44,Female,LOC0024,Takeaway,False
CUST0000008,2022-04-12,35-44,Female,,Dine-in,False
CUST0000009,2024-08-23,45-54,Female,LOC0022,App,False
CUST0000010,2022-08-30,35-44,Male,LOC0011,Takeaway,True
CUST0000011,2023-08-07,18-24,Male,,Dine-in,True
CUST0000012,2025-10-16,25-34,Male,LOC0007,Dine-in,True
CUST0000013,2025-11-08,35-44,Male,LOC0025,Takeaway,False
CUST0000014,2025-06-06,35-44,Female,LOC0006,Takeaway,False
CUST0000015,2023-06-23,18-24,Male,LOC0014,ThirdPartyDelivery,False
CUST0000016,2023-06-22,25-34,Female,LOC0018,App,False
CUST0000017,2025-11-22,25-34,Male,LOC0020,ThirdPartyDelivery,False
CUST0000018,2023-03-10,25-34,Undisclosed,,ThirdPartyDelivery,True
CUST0000019,2022-02-27,45-54,Male,LOC0008,App,False
CUST0000020,2023-01-12,25-34,Undisclosed,LOC0004,Dine-in,True
CUST0000021,2023-02-05,55+,Female,LOC0002,Takeaway,False
CUST0000022,2022-10-04,18-24,Male,LOC0012,ThirdPartyDelivery,False
CUST0000023,2022-04-30,18-24,Male,LOC0022,Dine-in,True
CUST0000024,2023-03-23,35-44,Male,LOC0016,Website,False
CUST0000025,2024-10-08,25-34,Undisclosed,LOC0009,Website,False
CUST0000026,2022-07-20,55+,Male,LOC0013,Dine-in,False
CUST0000027,2024-02-01,35-44,Male,LOC0004,Takeaway,False
CUST0000028,2023-08-12,25-34,Female,LOC0018,App,True
CUST0000029,2024-11-20,25-34,Male,LOC0012,Dine-in,True
CUST0000030,2022-12-13,25-34,Male,LOC0011,Takeaway,False
CUST0000031,2025-06-18,45-54,Female,LOC0022,App,False
CUST0000032,2024-03-09,25-34,Female,LOC0002,Takeaway,True
CUST0000033,2025-11-15,25-34,Male,LOC0022,App,True
CUST0000034,2022-11-17,25-34,Female,LOC0024,Takeaway,False
CUST0000035,2024-03-03,45-54,Undisclosed,LOC0012,Dine-in,False
CUST0000036,2025-01-28,35-44,Undisclosed,LOC0019,Dine-in,False
CUST0000037,2023-07-21,55+,Male,LOC0007,Takeaway,True
CUST0000038,2023-06-14,25-34,Female,LOC0013,Dine-in,True
CUST0000039,2024-07-14,25-34,Male,LOC0013,App,False
CUST0000040,2025-09-09,35-44,Male,LOC0004,Dine-in,False
CUST0000041,2023-02-08,55+,Female,LOC0020,ThirdPartyDelivery,False
CUST0000042,2022-01-05,18-24,Undisclosed,LOC0007,App,False
CUST0000043,2025-10-14,25-34,Female,LOC0015,App,False
CUST0000044,2022-07-07,35-44,Male,,App,False
CUST0000045,2025-04-25,35-44,Female,LOC0017,Takeaway,False
CUST0000046,2024-04-28,35-44,Male,,Dine-in,False
CUST0000047,2022-02-15,25-34,Female,LOC0020,Dine-in,True
CUST0000048,2023-01-22,35-44,Female,LOC0004,Dine-in,False
CUST0000049,2022-06-13,35-44,Male,LOC0012,Dine-in,False
CUST0000050,2024-07-26,25-34,Female,LOC0002,App,False
CUST0000051,2025-06-22,45-54,Female,LOC0005,Website,False
CUST0000052,2022-05-27,35-44,Male,LOC0015,Dine-in,False
CUST0000053,2024-01-31,25-34,Male,LOC0016,Takeaway,False
CUST0000054,2025-08-10,18-24,Male,LOC0003,Dine-in,False
CUST0000055,2022-03-13,25-34,Male,,Dine-in,False
CUST0000056,2025-05-09,25-34,Male,LOC0022,App,False
CUST0000057,2025-11-26,45-54,Male,LOC0018,Dine-in,True
CUST0000058,2022-07-04,25-34,Female,LOC0019,App,True
CUST0000059,2024-10-05,35-44,Undisclosed,LOC0004,Dine-in,False
CUST0000060,2022-01-14,35-44,Female,LOC0016,Takeaway,False
CUST0000061,2023-06-23,35-44,Female,,Takeaway,True
CUST0000062,2024-08-24,25-34,Female,,ThirdPartyDelivery,False
CUST0000063,2022-12-08,35-44,Male,LOC0003,ThirdPartyDelivery,False
CUST0000064,2022-11-13,25-34,Female,LOC0023,ThirdPartyDelivery,True
CUST0000065,2024-03-08,55+,Male,LOC0009,Dine-in,True
CUST0000066,2022-09-22,35-44,Male,LOC0010,Dine-in,False
CUST0000067,2023-07-06,45-54,Undisclosed,LOC0022,Dine-in,True
CUST0000068,2025-08-17,18-24,Male,LOC0023,App,True
CUST0000069,2025-10-04,18-24,Male,LOC0002,ThirdPartyDelivery,False
CUST0000070,2025-12-11,35-44,Female,LOC0001,Takeaway,False
CUST0000071,2025-10-29,35-44,Undisclosed,LOC0019,ThirdPartyDelivery,False
CUST0000072,2023-07-29,35-44,Male,LOC0020,Dine-in,False
CUST0000073,2023-06-23,35-44,Male,LOC0005,Website,False
CUST0000074,2025-10-29,25-34,Male,LOC0023,Dine-in,False
CUST0000075,2025-11-27,35-44,Female,LOC0003,App,False
CUST0000076,2024-07-21,55+,Male,LOC0022,Dine-in,False
CUST0000077,2025-08-24,25-34,Male,,App,False
CUST0000078,2022-08-05,25-34,Female,,Dine-in,False
CUST0000079,2022-08-15,45-54,Female,,Dine-in,False
CUST0000080,2024-03-29,18-24,Female,LOC0018,App,False
CUST0000081,2023-03-08,18-24,Male,LOC0023,ThirdPartyDelivery,True
CUST0000082,2025-03-19,18-24,Female,LOC0015,App,False
CUST0000083,2025-12-15,35-44,Male,LOC0008,Dine-in,False
CUST0000084,2025-07-28,18-24,Female,LOC0005,ThirdPartyDelivery,True
CUST0000085,2025-11-09,45-54,Male,LOC0018,Website,False
CUST0000086,2024-04-03,18-24,Female,LOC0022,App,True
CUST0000087,2022-07-01,35-44,Female,LOC0004,Takeaway,False
CUST0000088,2022-10-28,18-24,Female,LOC0003,App,False
CUST0000089,2024-11-29,45-54,Female,LOC0014,App,False
CUST0000090,2023-05-06,25-34,Male,LOC0024,App,False
CUST0000091,2024-02-02,18-24,Female,LOC0007,Website,False
CUST0000092,2025-03-30,35-44,Female,LOC0018,Dine-in,False
CUST0000093,2025-04-15,25-34,Female,LOC0008,Takeaway,False
CUST0000094,2022-11-19,35-44,Female,LOC0007,Dine-in,False
CUST0000095,2025-02-21,18-24,Female,LOC0022,Takeaway,False
CUST0000096,2025-07-01,35-44,Male,LOC0011,ThirdPartyDelivery,False
CUST0000097,2025-08-18,25-34,Female,LOC0014,Dine-in,False
CUST0000098,2022-09-13,45-54,Male,LOC0017,Dine-in,False
CUST0000099,2023-03-24,25-34,Male,LOC0018,Dine-in,False
CUST0000100,2022-02-05,18-24,Female,LOC0010,Dine-in,False
CUST0000101,2025-10-24,35-44,Male,LOC0022,Takeaway,False
CUST0000102,2024-10-26,25-34,Male,LOC0015,ThirdPartyDelivery,False
CUST0000103,2024-02-09,35-44,Male,LOC0013,App,True
CUST0000104,2024-09-08,35-44,Male,LOC0013,Dine-in,False
CUST0000105,2025-05-12,35-44,Male,LOC0002,Dine-in,False
CUST0000106,2023-12-15,35-44,Female,LOC0006,Dine-in,True
CUST0000107,2023-12-10,45-54,Female,LOC0023,Dine-in,False
CUST0000108,2022-12-23,35-44,Male,LOC0004,Dine-in,False
CUST0000109,2024-02-07,45-54,Undisclosed,LOC0017,ThirdPartyDelivery,False
CUST0000110,2024-10-30,45-54,Male,LOC0007,Dine-in,False
CUST0000111,2022-09-13,25-34,Male,LOC0009,ThirdPartyDelivery,False
CUST0000112,2024-12-01,18-24,Female,LOC0018,Website,False
CUST0000113,2023-07-28,35-44,Male,LOC0014,Dine-in,False
CUST0000114,2024-05-20,45-54,Male,LOC0020,Dine-in,False
CUST0000115,2025-06-15,45-54,Female,,Dine-in,True
CUST0000116,2024-01-18,55+,Undisclosed,LOC0013,Dine-in,True
CUST0000117,2025-11-11,25-34,Female,LOC0007,Dine-in,False
CUST0000118,2022-12-27,55+,Male,LOC0024,Dine-in,False
CUST0000119,2022-01-30,25-34,Undisclosed,LOC0005,Takeaway,False
CUST0000120,2024-08-26,25-34,Female,,ThirdPartyDelivery,False
CUST0000121,2025-06-08,45-54,Male,LOC0019,Website,False
CUST0000122,2023-07-02,35-44,Male,LOC0009,Dine-in,False
CUST0000123,2025-12-16,35-44,Male,LOC0019,Takeaway,False
CUST0000124,2023-11-25,35-44,Female,LOC0008,Dine-in,False
CUST0000125,2022-01-29,25-34,Female,LOC0008,App,False
CUST0000126,2022-07-09,45-54,Undisclosed,LOC0003,Dine-in,True
CUST0000127,2025-03-22,25-34,Male,LOC0007,ThirdPartyDelivery,False
CUST0000128,2025-11-27,45-54,Undisclosed,LOC0007,Takeaway,False
CUST0000129,2022-05-01,55+,Male,LOC0014,Dine-in,False
CUST0000130,2024-12-18,25-34,Male,LOC0003,Takeaway,True
CUST0000131,2025-10-19,18-24,Male,LOC0023,Dine-in,False
CUST0000132,2025-06-13,45-54,Male,LOC0005,Dine-in,False
CUST0000133,2024-10-03,18-24,Female,LOC0013,App,True
CUST0000134,2024-01-22,18-24,Undisclosed,LOC0008,Dine-in,False
CUST0000135,2022-04-07,45-54,Female,LOC0001,Takeaway,False
CUST0000136,2025-09-10,35-44,Male,LOC0025,Dine-in,False
CUST0000137,2025-05-16,55+,Male,,Dine-in,True
CUST0000138,2023-04-07,35-44,Female,LOC0019,App,True
CUST0000139,2023-01-22,55+,Male,LOC0012,Dine-in,False
CUST0000140,2025-11-06,18-24,Female,,Dine-in,False
CUST0000141,2024-05-25,25-34,Male,LOC0014,App,True
CUST0000142,2024-07-04,45-54,Male,LOC0016,App,True
CUST0000143,2025-02-18,18-24,Female,LOC0010,Takeaway,False
CUST0000144,2023-06-17,25-34,Male,LOC0018,ThirdPartyDelivery,False
CUST0000145,2023-10-11,25-34,Male,LOC0020,Takeaway,False
CUST0000146,2025-04-22,45-54,Male,LOC0023,Takeaway,True
CUST0000147,2023-02-05,25-34,Undisclosed,LOC0009,ThirdPartyDelivery,False
CUST0000148,2022-06-12,25-34,Male,LOC0024,Dine-in,True
CUST0000149,2023-05-28,55+,Male,LOC0010,App,False
CUST0000150,2023-02-25,55+,Male,,Dine-in,True
CUST0000151,2025-06-05,18-24,Male,LOC0007,ThirdPartyDelivery,False
CUST0000152,2023-02-01,25-34,Male,LOC0014,App,True
CUST0000153,2025-10-11,45-54,Male,LOC0001,ThirdPartyDelivery,False
CUST0000154,2024-05-12,18-24,Female,LOC0005,Takeaway,False
CUST0000155,2024-05-31,25-34,Female,LOC0018,App,False
CUST0000156,2024-07-17,35-44,Male,LOC0009,Takeaway,False
CUST0000157,2024-12-13,18-24,Female,LOC0007,App,False
CUST0000158,2023-02-20,55+,Male,LOC0025,Dine-in,False
CUST0000159,2024-09-07,55+,Male,LOC0002,Dine-in,False
CUST0000160,2023-03-26,25-34,Male,LOC0005,Dine-in,False
CUST0000161,2025-10-21,35-44,Female,LOC0016,ThirdPartyDelivery,True
CUST0000162,2025-03-19,45-54,Male,LOC0015,Dine-in,True
CUST0000163,2023-12-13,55+,Male,LOC0003,ThirdPartyDelivery,True
CUST0000164,2025-11-18,25-34,Male,LOC0003,App,False
CUST0000165,2025-10-24,25-34,Male,LOC0010,App,False
CUST0000166,2023-11-20,35-44,Male,LOC0015,Dine-in,False
CUST0000167,2024-12-30,45-54,Female,LOC0018,Dine-in,False
CUST0000168,2025-12-09,55+,Female,,Dine-in,False
CUST0000169,2022-10-10,18-24,Female,LOC0025,Dine-in,False
CUST0000170,2025-05-13,18-24,Female,LOC0023,App,True
CUST0000171,2024-06-04,25-34,Male,LOC0009,Dine-in,True
CUST0000172,2022-09-22,35-44,Male,LOC0014,App,True
CUST0000173,2025-03-18,35-44,Female,LOC0019,Dine-in,False
CUST0000174,2022-09-24,18-24,Female,LOC0007,ThirdPartyDelivery,False
CUST0000175,2024-02-15,25-34,Female,LOC0004,ThirdPartyDelivery,False
CUST0000176,2022-09-14,45-54,Male,LOC8680,Dine-in,False
CUST0000177,2022-04-16,18-24,Male,LOC0015,Dine-in,True
CUST0000178,2023-06-05,25-34,Female,LOC0016,Takeaway,False
CUST0000179,2022-01-02,18-24,Undisclosed,LOC0017,ThirdPartyDelivery,True
CUST0000180,2022-11-19,35-44,Male,LOC0023,ThirdPartyDelivery,False
CUST0000181,2024-11-25,25-34,Male,LOC0017,ThirdPartyDelivery,False
CUST0000182,2024-06-14,18-24,Male,LOC0023,App,False
CUST0000183,2025-11-13,55+,Male,LOC0020,Dine-in,True
CUST0000184,2023-05-07,55+,Female,,Dine-in,False
CUST0000185,2024-06-05,25-34,Male,LOC0014,Takeaway,True
CUST0000186,2022-03-02,35-44,Female,LOC0020,Takeaway,False
CUST0000187,2021-06-06,35-44,Male,LOC0008,Takeaway,True
CUST0000188,2027-11-05,25-34,Male,,Dine-in,False
CUST0000189,2022-01-19,45-54,Male,LOC0019,Takeaway,False
CUST0000190,2022-04-19,45-54,Male,LOC0013,Website,False
CUST0000191,2023-04-18,25-34,Female,LOC0018,Website,False
CUST0000192,2022-06-11,25-34,Male,LOC0014,App,True
CUST0000193,2024-12-20,18-24,Female,LOC0018,App,True
CUST0000194,2022-05-29,18-24,Male,LOC0003,ThirdPartyDelivery,False
CUST0000195,2022-02-02,18-24,Male,LOC0004,Dine-in,True
CUST0000196,2024-05-18,55+,Male,LOC0002,ThirdPartyDelivery,False
CUST0000197,2025-08-24,25-34,Male,LOC0016,App,False
CUST0000198,2025-04-19,55+,Male,LOC0017,Dine-in,False
CUST0000199,2022-10-19,18-24,Male,LOC0003,ThirdPartyDelivery,False
CUST0000200,2022-01-02,25-34,Female,LOC0020,Dine-in,True
