inventory_id,item_id,location_id,date,opening_stock,received_stock,prepared_quantity,consumed_stock,closing_stock,unit
INV00000001,ITEM0001,LOC0001,2025-01-01,4.0,0.0,2.0,1.0,3.0,pcs
INV00000002,ITEM0002,LOC0001,2025-01-01,5.0,0.0,3.0,2.0,3.0,pcs
INV00000003,ITEM0003,LOC0001,2025-01-01,2.0,0.0,1.0,0.0,2.0,pcs
INV00000004,ITEM0004,LOC0001,2025-01-01,3.0,0.0,2.0,0.0,3.0,pcs
INV00000005,ITEM0005,LOC0001,2025-01-01,3.0,0.0,2.0,1.0,2.0,pcs
INV00000006,ITEM0007,LOC0001,2025-01-01,3.0,0.0,2.0,1.0,1.0,pcs
INV00000007,ITEM0008,LOC0001,2025-01-01,2.0,0.0,1.0,0.0,2.0,pcs
INV00000008,ITEM0009,LOC0001,2025-01-01,2.0,0.0,1.0,0.0,2.0,pcs
INV00000009,ITEM0011,LOC0001,2025-01-01,3.0,0.0,2.0,1.0,2.0,pcs
INV00000010,ITEM0012,LOC0001,2025-01-01,2.0,0.0,1.0,0.0,2.0,pcs
INV00000011,ITEM0014,LOC0001,2025-01-01,1.03,0.0,0.6,0.6,0.43,liters
INV00000012,ITEM0015,LOC0001,2025-01-01,1.0,1.65,0.97,0.9,1.75,liters
INV00000013,ITEM0016,LOC0001,2025-01-01,0.49,0.0,0.35,0.3,0.19,liters
INV00000014,ITEM0017,LOC0001,2025-01-01,0.08,0.0,0.04,0.0,0.08,liters
INV00000015,ITEM0018,LOC0001,2025-01-01,0.05,0.0,0.03,0.0,0.05,liters
INV00000016,ITEM0019,LOC0001,2025-01-01,0.3,0.0,0.17,0.0,0.3,liters
INV00000017,ITEM0020,LOC0001,2025-01-01,0.2,0.35,0.19,0.0,0.55,liters
INV00000018,ITEM0021,LOC0001,2025-01-01,0.14,0.23,0.13,0.0,0.37,liters
INV00000019,ITEM0022,LOC0001,2025-01-01,0.6,0.0,0.32,0.3,0.3,L
INV00000020,ITEM0023,LOC0001,2025-01-01,4.0,0.0,2.0,1.0,2.0,pcs
INV00000021,ITEM0024,LOC0001,2025-01-01,2.0,0.0,1.0,0.0,2.0,pcs
INV00000022,ITEM0025,LOC0001,2025-01-01,2.0,0.0,1.0,0.0,2.0,pcs
INV00000023,ITEM0026,LOC0001,2025-01-01,2.0,0.0,1.0,0.0,2.0,pcs
INV00000024,ITEM0027,LOC0001,2025-01-01,2.0,0.0,1.0,0.0,2.0,pcs
INV00000025,ITEM0028,LOC0001,2025-01-01,2.0,0.0,1.0,0.0,1.0,pcs
INV00000026,ITEM0029,LOC0001,2025-01-01,2.0,0.0,1.0,0.0,2.0,pcs
INV00000027,ITEM0030,LOC0001,2025-01-01,2.0,0.0,1.0,0.0,2.0,pcs
INV00000028,ITEM0032,LOC0001,2025-01-01,0.23,0.0,0.19,0.0,0.23,kg
INV00000029,ITEM0033,LOC0001,2025-01-01,0.44,0.0,0.35,0.0,0.44,kg
INV00000030,ITEM0034,LOC0001,2025-01-01,0.1,0.0,0.08,0.0,0.1,kg
INV00000031,ITEM0035,LOC0001,2025-01-01,0.25,0.0,0.15,0.0,0.25,kg
INV00000032,ITEM0036,LOC0001,2025-01-01,0.3,0.0,0.23,0.0,0.3,kg
INV00000033,ITEM0037,LOC0001,2025-01-01,0.37,0.46,0.37,0.3,0.53,kg
INV00000034,ITEM0038,LOC0001,2025-01-01,0.91,0.0,0.47,0.3,0.61,kg
INV00000035,ITEM0040,LOC0001,2025-01-01,0.28,0.0,0.15,0.0,0.28,kg
INV00000036,ITEM0041,LOC0001,2025-01-01,0.36,0.27,0.31,0.0,0.41,kg
INV00000037,ITEM0042,LOC0001,2025-01-01,0.16,0.0,0.09,0.0,0.1,kg
INV00000038,ITEM0043,LOC0001,2025-01-01,0.21,0.0,0.12,0.0,0.21,kg
INV00000039,ITEM0045,LOC0001,2025-01-01,2.72,3.04,2.29,1.5,4.26,kg
INV00000040,ITEM0046,LOC0001,2025-01-01,2.68,0.0,1.71,1.0,1.68,kg
INV00000041,ITEM0047,LOC0001,2025-01-01,0.32,0.0,0.16,0.0,0.32,kg
INV00000042,ITEM0048,LOC0001,2025-01-01,2.69,0.0,2.12,1.5,0.92,kg
INV00000043,ITEM0049,LOC0001,2025-01-01,0.46,0.0,0.3,0.0,0.46,kg
INV00000044,ITEM0050,LOC0001,2025-01-01,1.14,0.0,0.81,0.0,1.14,kg
INV00000045,ITEM0052,LOC0001,2025-01-01,0.89,0.0,0.63,0.5,0.39,kg
INV00000046,ITEM0053,LOC0001,2025-01-01,1.46,0.0,0.82,0.5,0.96,kg
INV00000047,ITEM0054,LOC0001,2025-01-01,1.76,0.0,1.42,1.0,0.76,kg
INV00000048,ITEM0055,LOC0001,2025-01-01,1.02,0.0,0.55,0.0,1.02,kg
INV00000049,ITEM0056,LOC0001,2025-01-01,0.21,0.18,0.19,0.0,0.39,kg
INV00000050,ITEM0057,LOC0001,2025-01-01,2.59,4.59,2.58,2.4,4.78,kg
INV00000051,ITEM0058,LOC0001,2025-01-01,0.83,0.0,0.49,0.0,0.83,kg
INV00000052,ITEM0059,LOC0001,2025-01-01,3.13,0.0,1.68,1.2,1.93,kg
INV00000053,ITEM0060,LOC0001,2025-01-01,2.02,0.0,1.05,0.8,1.22,kg
INV00000054,ITEM0061,LOC0001,2025-01-01,1.45,1.21,1.25,0.8,1.86,kg
INV00000055,ITEM0062,LOC0001,2025-01-01,0.59,0.0,0.42,0.4,0.19,kg
INV00000056,ITEM0063,LOC0001,2025-01-01,0.36,0.0,0.3,0.0,0.36,kg
INV00000057,ITEM0064,LOC0001,2025-01-01,0.44,0.0,0.27,0.0,0.44,kg
INV00000058,ITEM0065,LOC0001,2025-01-01,1.08,0.0,0.58,0.4,0.68,kg
INV00000059,ITEM0066,LOC0001,2025-01-01,0.81,0.0,0.48,0.4,0.41,kg
INV00000060,ITEM0068,LOC0001,2025-01-01,9.0,0.0,7.0,4.0,5.0,pcs
INV00000061,ITEM0069,LOC0001,2025-01-01,2.0,0.0,1.0,1.0,1.0,pcs
INV00000062,ITEM0070,LOC0001,2025-01-01,2.0,0.0,1.0,0.0,2.0,pcs
INV00000063,ITEM0071,LOC0001,2025-01-01,4.0,0.0,2.0,1.0,3.0,pcs
INV00000064,ITEM0072,LOC0001,2025-01-01,2.0,0.0,1.0,0.0,2.0,pcs
INV00000065,ITEM0073,LOC0001,2025-01-01,2.0,0.0,1.0,0.0,2.0,pcs
INV00000066,ITEM0074,LOC0001,2025-01-01,4.0,0.0,3.0,2.0,2.0,pcs
INV00000067,ITEM0075,LOC0001,2025-01-01,11.0,10.0,10.0,7.0,14.0,pcs
INV00000068,ITEM0076,LOC0001,2025-01-01,2.0,0.0,1.0,0.0,2.0,pcs
INV00000069,ITEM0077,LOC0001,2025-01-01,2.0,0.0,1.0,0.0,2.0,pcs
INV00000070,ITEM0081,LOC0001,2025-01-01,14.0,0.0,7.0,5.0,9.0,pcs
INV00000071,ITEM0082,LOC0001,2025-01-01,4.0,0.0,3.0,2.0,2.0,pcs
INV00000072,ITEM0083,LOC0001,2025-01-01,2.0,0.0,1.0,0.0,2.0,pcs
INV00000073,ITEM0084,LOC0001,2025-01-01,2.0,0.0,1.0,0.0,2.0,pcs
INV00000074,ITEM0085,LOC0001,2025-01-01,2.0,0.0,1.0,0.0,2.0,pcs
INV00000075,ITEM0087,LOC0001,2025-01-01,2.0,0.0,1.0,0.0,1.0,pcs
INV00000076,ITEM0088,LOC0001,2025-01-01,2.0,0.0,1.0,0.0,2.0,pcs
INV00000077,ITEM0090,LOC0001,2025-01-01,2.0,0.0,1.0,0.0,2.0,pcs
INV00000078,ITEM0092,LOC0001,2025-01-01,2.0,0.0,1.0,0.0,2.0,pcs
INV00000079,ITEM0093,LOC0001,2025-01-01,2.0,0.0,1.0,0.0,2.0,pcs
INV00000080,ITEM0094,LOC0001,2025-01-01,2.0,0.0,1.0,0.0,2.0,pcs
INV00000081,ITEM0096,LOC0001,2025-01-01,2.0,0.0,1.0,0.0,2.0,pcs
INV00000082,ITEM0098,LOC0001,2025-01-01,2.0,0.0,1.0,0.0,2.0,pcs
INV00000083,ITEM0099,LOC0001,2025-01-01,2.0,0.0,1.0,0.0,2.0,pcs
INV00000084,ITEM0100,LOC0001,2025-01-01,2.0,0.0,1.0,1.0,1.0,pcs
INV00000085,ITEM0101,LOC0001,2025-01-01,2.0,0.0,1.0,0.0,1.0,pcs
INV00000086,ITEM0102,LOC0001,2025-01-01,1.3,0.0,0.75,0.35,0.65,kg
INV00000087,ITEM0103,LOC0001,2025-01-01,0.1,0.0,0.06,0.0,0.1,kg
INV00000088,ITEM0104,LOC0001,2025-01-01,0.09,0.0,0.05,0.0,0.09,kg
INV00000089,ITEM0105,LOC0001,2025-01-01,0.06,0.0,0.05,0.0,0.06,kg
INV00000090,ITEM0106,LOC0001,2025-01-01,0.1,0.0,0.06,0.0,0.09,kg
INV00000091,ITEM0107,LOC0001,2025-01-01,0.05,0.0,0.03,0.0,0.05,kg
INV00000092,ITEM0108,LOC0001,2025-01-01,0.09,0.0,0.06,0.0,0.09,kg
INV00000093,ITEM0109,LOC0001,2025-01-01,1.12,0.0,0.58,0.35,0.77,kg
INV00000094,ITEM0110,LOC0001,2025-01-01,0.03,0.05,0.03,0.0,0.08,kg
INV00000095,ITEM0111,LOC0001,2025-01-01,2.0,0.0,1.0,0.0,2.0,pcs
INV00000096,ITEM0112,LOC0001,2025-01-01,4.0,0.0,2.0,1.0,3.0,pcs
INV00000097,ITEM0113,LOC0001,2025-01-01,7.0,0.0,4.0,3.0,4.0,pcs
INV00000098,ITEM0114,LOC0001,2025-01-01,2.0,0.0,1.0,0.0,2.0,pcs
INV00000099,ITEM0116,LOC0001,2025-01-01,2.0,0.0,1.0,0.0,2.0,pcs
INV00000100,ITEM4270,LOC0001,2025-01-01,2.0,0.0,1.0,0.0,2.0,pcs
INV00000101,ITEM0118,LOC0001,2025-01-01,4.0,0.0,2.0,1.0,3.0,pcs
INV00000102,ITEM0119,LOC0001,2025-01-01,2.0,0.0,1.0,0.0,2.0,pcs
INV00000103,ITEM0121,LOC0001,2025-01-01,4.0,0.0,2.0,1.0,3.0,pcs
INV00000104,ITEM0122,LOC0001,2025-01-01,2.0,0.0,1.0,0.0,2.0,pcs
INV00000105,ITEM0123,LOC0001,2025-01-01,2.0,0.0,1.0,0.0,2.0,pcs
INV00000106,ITEM0124,LOC0001,2025-01-01,2.83,0.0,1.45,1.0,1.83,liters
INV00000107,ITEM0125,LOC0001,2025-01-01,0.29,0.0,0.19,0.0,0.29,liters
INV00000108,ITEM0126,LOC0001,2025-01-01,0.26,0.0,0.16,0.0,0.26,liters
INV00000109,ITEM0127,LOC0001,2025-01-01,0.16,0.0,0.08,0.0,0.16,liters
INV00000110,ITEM0129,LOC0001,2025-01-01,0.99,0.0,0.58,0.25,0.74,liters
INV00000111,ITEM0130,LOC0001,2025-01-01,0.19,0.34,0.18,0.0,0.53,liters
INV00000112,ITEM0131,LOC0001,2025-01-01,0.15,0.0,0.11,0.0,0.15,liters
INV00000113,ITEM0132,LOC0001,2025-01-01,0.32,0.0,0.17,0.0,0.32,liters
INV00000114,ITEM0133,LOC0001,2025-01-01,0.89,0.0,0.64,0.5,0.39,liters
INV00000115,ITEM0134,LOC0001,2025-01-01,3.79,0.0,2.65,1.75,2.04,liters
INV00000116,ITEM0135,LOC0001,2025-01-01,4.76,0.0,2.9,2.1,2.66,liters
INV00000117,ITEM0136,LOC0001,2025-01-01,0.54,0.0,0.41,0.0,0.54,liters
INV00000118,ITEM0139,LOC0001,2025-01-01,0.25,0.0,0.14,0.0,0.25,liters
INV00000119,ITEM0140,LOC0001,2025-01-01,0.14,0.22,0.14,0.0,0.36,liters
INV00000120,ITEM0141,LOC0001,2025-01-01,0.39,0.4,0.38,0.0,0.79,liters
INV00000121,ITEM0142,LOC0001,2025-01-01,1.19,0.0,0.7,0.7,0.49,liters
INV00000122,ITEM0146,LOC0001,2025-01-01,0.52,0.0,0.35,0.35,0.17,liters
INV00000123,ITEM0148,LOC0001,2025-01-01,28.0,0.0,19.0,16.0,12.0,pcs
INV00000124,ITEM0149,LOC0001,2025-01-01,2.0,0.0,1.0,0.0,2.0,pcs
INV00000125,ITEM0150,LOC0001,2025-01-01,4.0,0.0,3.0,2.0,2.0,pcs
INV00000126,ITEM0151,LOC0001,2025-01-01,7.0,0.0,5.0,0.0,7.0,pcs
INV00000127,ITEM0152,LOC0001,2025-01-01,3.0,0.0,2.0,0.0,3.0,pcs
INV00000128,ITEM0153,LOC0001,2025-01-01,4.0,0.0,2.0,0.0,4.0,pcs
INV00000129,ITEM0154,LOC0001,2025-01-01,5.0,0.0,3.0,2.0,3.0,pcs
INV00000130,ITEM0155,LOC0001,2025-01-01,2.0,0.0,1.0,0.0,2.0,pcs
INV00000131,ITEM0156,LOC0001,2025-01-01,10.0,0.0,6.0,3.0,7.0,pcs
INV00000132,ITEM0157,LOC0001,2025-01-01,6.0,0.0,3.0,0.0,3.0,pcs
INV00000133,ITEM0158,LOC0001,2025-01-01,2.0,0.0,1.0,0.0,2.0,pcs
INV00000134,ITEM0159,LOC0001,2025-01-01,8.0,0.0,5.0,5.0,3.0,pcs
INV00000135,ITEM0160,LOC0001,2025-01-01,5.0,0.0,4.0,3.0,2.0,Pcs
INV00000136,ITEM0001,LOC0002,2025-01-01,2.0,0.0,1.0,0.0,2.0,pcs
INV00000137,ITEM0002,LOC0002,2025-01-01,4.0,0.0,3.0,1.0,3.0,pcs
INV00000138,ITEM0003,LOC0002,2025-01-01,2.0,0.0,1.0,0.0,2.0,pcs
INV00000139,ITEM0004,LOC0002,2025-01-01,4.0,0.0,2.0,0.0,4.0,pcs
INV00000140,ITEM0005,LOC0002,2025-01-01,3.0,0.0,2.0,1.0,2.0,pcs
INV00000141,ITEM0007,LOC0002,2025-01-01,2.0,0.0,1.0,0.0,1.0,pcs
INV00000142,ITEM0008,LOC0002,2025-01-01,2.0,0.0,1.0,0.0,2.0,pcs
INV00000143,ITEM0009,LOC0002,2025-01-01,2.0,0.0,1.0,0.0,2.0,pcs
INV00000144,ITEM0011,LOC0002,2025-01-01,2.0,0.0,1.0,0.0,2.0,pcs
INV00000145,ITEM0012,LOC0002,2025-01-01,2.0,0.0,1.0,0.0,2.0,pcs
INV00000146,ITEM0013,LOC0002,2025-01-01,2.0,0.0,1.0,0.0,2.0,pcs
INV00000147,ITEM0014,LOC0002,2025-01-01,0.09,0.1,0.09,0.0,0.19,liters
INV00000148,ITEM0015,LOC0002,2025-01-01,0.44,0.57,0.39,0.3,0.71,liters
INV00000149,ITEM0016,LOC0002,2025-01-01,0.06,0.0,0.05,0.0,0.06,liters
INV00000150,ITEM0017,LOC0002,2025-01-01,0.03,0.0,0.02,0.0,0.03,liters
INV00000151,ITEM0018,LOC0002,2025-01-01,0.69,0.0,0.38,0.3,0.39,liters
INV00000152,ITEM0019,LOC0002,2025-01-01,0.45,0.0,0.37,0.3,0.15,liters
INV00000153,ITEM0021,LOC0002,2025-01-01,0.13,0.0,0.09,0.0,0.13,liters
INV00000154,ITEM0022,LOC0002,2025-01-01,1.11,0.0,0.67,0.6,0.51,liters
INV00000155,ITEM0023,LOC0002,2025-01-01,3.0,0.0,2.0,1.0,1.0,pcs
INV00000156,ITEM0025,LOC0002,2025-01-01,1.0,2.0,1.0,0.0,3.0,pcs
INV00000157,ITEM0026,LOC0002,2025-01-01,2.0,0.0,1.0,0.0,2.0,pcs
INV00000158,ITEM0027,LOC0002,2025-01-01,2.0,0.0,1.0,0.0,2.0,pcs
INV00000159,ITEM0028,LOC0002,2025-01-01,2.0,0.0,1.0,0.0,2.0,pcs
INV00000160,ITEM0029,LOC0002,2025-01-01,2.0,0.0,1.0,0.0,2.0,pcs
INV00000161,ITEM0030,LOC0002,2025-01-01,8.0,0.0,4.0,3.0,5.0,pcs
INV00000162,ITEM0032,LOC0002,2025-01-01,0.21,0.18,0.18,0.0,0.39,kg
INV00000163,ITEM0033,LOC0002,2025-01-01,1.24,0.0,0.63,0.3,0.68,kg
INV00000164,ITEM0034,LOC0002,2025-01-01,0.16,0.0,0.12,0.0,0.16,kg
INV00000165,ITEM0035,LOC0002,2025-01-01,0.13,0.0,0.09,0.0,0.13,kg
INV00000166,ITEM0036,LOC0002,2025-01-01,0.29,0.0,0.17,0.0,0.29,kg
INV00000167,ITEM0037,LOC0002,2025-01-01,0.22,0.0,0.16,0.0,0.22,kg
INV00000168,ITEM0038,LOC0002,2025-01-01,0.12,0.0,0.08,0.0,0.12,kg
INV00000169,ITEM0039,LOC0002,2025-01-01,0.38,0.0,0.21,0.0,0.38,kg
INV00000170,ITEM0040,LOC0002,2025-01-01,1.15,0.0,0.8,0.6,0.55,kg
INV00000171,ITEM0041,LOC0002,2025-01-01,0.51,0.0,0.38,0.3,0.21,kg
INV00000172,ITEM0042,LOC0002,2025-01-01,0.12,0.0,0.07,0.0,0.12,kg
INV00000173,ITEM0043,LOC0002,2025-01-01,0.18,0.0,0.1,0.0,0.18,kg
INV00000174,ITEM0045,LOC0002,2025-01-01,11.08,0.0,5.69,3.0,8.08,kg
INV00000175,ITEM0046,LOC0002,2025-01-01,0.74,0.0,0.53,0.0,0.53,kg
INV00000176,ITEM0047,LOC0002,2025-01-01,0.47,0.0,0.24,0.0,0.47,kg
INV00000177,ITEM0048,LOC0002,2025-01-01,1.08,0.0,0.68,0.0,0.5,kg
INV00000178,ITEM0049,LOC0002,2025-01-01,0.46,0.0,0.24,0.0,0.46,kg
INV00000179,ITEM0050,LOC0002,2025-01-01,1.05,0.0,0.68,0.0,1.05,kg
INV00000180,ITEM0051,LOC0002,2025-01-01,1.15,0.0,0.67,0.5,0.65,kg
INV00000181,ITEM0053,LOC0002,2025-01-01,0.18,0.0,0.11,0.0,0.18,kg
INV00000182,ITEM0054,LOC0002,2025-01-01,2.07,0.0,1.2,1.0,1.07,kg
INV00000183,ITEM0055,LOC0002,2025-01-01,3.24,0.0,2.65,2.0,1.24,kg
INV00000184,ITEM0056,LOC0002,2025-01-01,0.78,0.0,0.6,0.5,0.28,kg
INV00000185,ITEM0057,LOC0002,2025-01-01,2.17,0.0,1.76,1.6,0.57,kg
INV00000186,ITEM0059,LOC0002,2025-01-01,0.3,0.0,0.2,0.0,0.3,kg
INV00000187,ITEM0061,LOC0002,2025-01-01,2.02,0.0,1.63,1.2,0.82,kg
INV00000188,ITEM0062,LOC0002,2025-01-01,0.35,0.0,0.26,0.0,0.35,kg
INV00000189,ITEM0063,LOC0002,2025-01-01,0.37,0.0,0.2,0.0,0.37,kg
INV00000190,ITEM0064,LOC0002,2025-01-01,0.38,0.0,0.21,0.0,0.38,kg
INV00000191,ITEM0065,LOC0002,2025-01-01,0.44,0.0,0.23,0.0,0.44,kg
INV00000192,ITEM0066,LOC0002,2025-01-01,2.29,0.0,1.18,0.8,1.49,kg
INV00000193,ITEM0067,LOC0002,2025-01-01,0.28,0.0,0.19,0.0,0.28,kg
INV00000194,ITEM0068,LOC0002,2025-01-01,7.0,9.0,6.0,3.0,12.0,pcs
INV00000195,ITEM0069,LOC0002,2025-01-01,2.0,0.0,1.0,0.0,2.0,pcs
INV00000196,ITEM0070,LOC0002,2025-01-01,3.0,0.0,2.0,2.0,1.0,pcs
INV00000197,ITEM0071,LOC0002,2025-01-01,3.0,0.0,2.0,1.0,2.0,pcs
INV00000198,ITEM0072,LOC0002,2025-01-01,4.0,0.0,2.0,1.0,3.0,pcs
INV00000199,ITEM0073,LOC0002,2025-01-01,2.0,0.0,1.0,0.0,2.0,pcs
INV00000200,ITEM0074,LOC0002,2025-01-01,2.0,0.0,1.0,0.0,2.0,pcs
