order_item_id,order_id,item_id,quantity,unit_price,unit_cost,discount_amount,line_total
OI000000001,ORD00000001,ITEM0033,2,850.0,287.18,255.0,1445.0
OI000000002,ORD00000001,ITEM0048,1,1400.0,543.12,210.0,1190.0
OI000000003,ORD00000001,ITEM0051,1,650.0,249.59,97.5,552.5
OI000000004,ORD00000001,ITEM0056,1,1350.0,447.39,202.5,1147.5
OI000000005,ORD00000001,ITEM0059,4,700.0,294.46,420.0,2380.0
OI000000006,ORD00000001,ITEM0076,3,700.0,267.62,315.0,1785.0
OI000000007,ORD00000001,ITEM0118,3,700.0,312.06,315.0,1785.0
OI000000008,ORD00000001,,1,440.0,139.41,66.0,374.0
OI000000009,ORD00000001,ITEM0151,1,60.0,40.23,9.0,51.0
OI000000010,ORD00000002,ITEM0045,1,1450.0,570.49,0.0,1450.0
OI000000011,ORD00000002,ITEM0062,1,750.0,327.59,0.0,750.0
OI000000012,ORD00000002,ITEM0129,4,550.0,174.84,0.0,2200.0
OI000000013,ORD00000003,ITEM0018,1,580.0,222.66,0.0,580.0
OI000000014,ORD00000003,ITEM0037,2,2200.0,927.83,0.0,4400.0
OI000000015,ORD00000003,ITEM0045,1,1450.0,570.49,0.0,1450.0
OI000000016,ORD00000003,ITEM0046,1,2600.0,1025.48,0.0,2600.0
OI000000017,ORD00000003,ITEM0056,1,1350.0,447.39,0.0,1350.0
OI000000018,ORD00000003,ITEM0063,1,550.0,230.52,0.0,550.0
OI000000019,ORD00000004,ITEM0014,1,470.0,172.13,0.0,470.0
OI000000020,ORD00000004,ITEM0075,1,600.0,252.86,0.0,600.0
OI000000021,ORD00000004,ITEM0113,1,470.0,182.39,0.0,470.0
OI000000022,ORD00000004,ITEM0124,1,180.0,123.74,0.0,180.0
OI000000023,ORD00000004,ITEM0151,3,60.0,40.23,0.0,180.0
OI000000024,ORD00000005,ITEM0040,1,700.0,247.06,0.0,700.0
OI000000025,ORD00000005,ITEM0043,1,4800.0,1920.49,0.0,4800.0
OI000000026,ORD00000005,ITEM0045,1,1450.0,570.49,0.0,1450.0
OI000000027,ORD00000005,ITEM0054,2,1210.0,385.9,0.0,2420.0
OI000000028,ORD00000005,ITEM0083,1,1650.0,664.65,0.0,1650.0
OI000000029,ORD00000005,ITEM0113,1,470.0,182.39,0.0,470.0
OI000000030,ORD00000005,ITEM0132,3,380.0,152.72,0.0,1140.0
OI000000031,ORD00000005,ITEM0143,2,520.0,169.26,0.0,1040.0
OI000000032,ORD00000006,ITEM0009,1,450.0,166.2,0.0,450.0
OI000000033,ORD00000006,ITEM0057,3,650.0,425.65,0.0,1950.0
OI000000034,ORD00000006,ITEM0061,4,950.0,345.2,0.0,3800.0
OI000000035,ORD00000006,ITEM0074,4,1150.0,507.95,0.0,4600.0
OI000000036,ORD00000006,ITEM0102,1,1360.0,584.85,0.0,1360.0
OI000000037,ORD00000007,ITEM0024,1,750.0,259.73,0.0,750.0
OI000000038,ORD00000007,ITEM0033,2,850.0,287.18,0.0,1700.0
OI000000039,ORD00000007,ITEM0096,1,1650.0,278.65,0.0,1650.0
OI000000040,ORD00000007,ITEM0108,1,1650.0,579.66,0.0,1650.0
OI000000041,ORD00000008,ITEM0071,2,650.0,240.39,195.0,1105.0
OI000000042,ORD00000008,ITEM0076,1,700.0,267.62,105.0,595.0
OI000000043,ORD00000008,ITEM0156,2,120.0,43.1,36.0,204.0
OI000000044,ORD00000008,ITEM0159,3,450.0,181.98,202.5,1147.5
OI000000045,ORD00000009,ITEM0015,1,500.0,174.09,0.0,500.0
OI000000046,ORD00000009,ITEM0026,1,520.0,224.58,0.0,520.0
OI000000047,ORD00000009,ITEM0045,2,1450.0,570.49,0.0,2900.0
OI000000048,ORD00000009,ITEM0066,1,900.0,324.79,0.0,900.0
OI000000049,ORD00000009,ITEM0068,1,650.0,449.04,0.0,650.0
OI000000050,ORD00000009,ITEM0113,1,470.0,182.39,0.0,470.0
OI000000051,ORD00000009,ITEM0129,1,550.0,174.84,0.0,550.0
OI000000052,ORD00000009,ITEM0148,1,300.0,200.34,0.0,300.0
OI000000053,ORD00000010,ITEM0009,1,450.0,166.2,0.0,450.0
OI000000054,ORD00000010,ITEM0048,1,1400.0,543.12,0.0,1400.0
OI000000055,ORD00000010,ITEM0051,1,650.0,249.59,0.0,650.0
OI000000056,ORD00000010,ITEM0054,1,1210.0,385.9,0.0,1210.0
OI000000057,ORD00000010,ITEM0128,1,480.0,65.96,0.0,480.0
OI000000058,ORD00000010,ITEM0148,2,300.0,200.34,0.0,600.0
OI000000059,ORD00000010,ITEM0151,3,60.0,40.23,0.0,180.0
OI000000060,ORD00000010,ITEM0157,3,750.0,296.36,0.0,2250.0
OI000000061,ORD00000010,ITEM0160,4,100.0,44.23,0.0,400.0
OI000000062,ORD00000011,ITEM0071,1,650.0,240.39,0.0,650.0
OI000000063,ORD00000011,ITEM0086,1,1300.0,531.95,0.0,1300.0
OI000000064,ORD00000011,ITEM0116,2,750.0,128.08,0.0,1500.0
OI000000065,ORD00000011,ITEM0129,1,550.0,174.84,0.0,550.0
OI000000066,ORD00000011,ITEM0134,5,150.0,97.79,0.0,750.0
OI000000067,ORD00000012,ITEM0054,1,1210.0,385.9,0.0,1210.0
OI000000068,ORD00000012,ITEM0112,1,300.0,131.51,0.0,300.0
OI000000069,ORD00000013,ITEM0015,2,500.0,174.09,150.0,850.0
OI000000070,ORD00000013,ITEM0054,1,1210.0,385.9,181.5,1028.5
OI000000071,ORD00000013,ITEM0068,2,650.0,449.04,195.0,1105.0
OI000000072,ORD00000013,ITEM0126,3,150.0,64.34,67.5,382.5
OI000000073,ORD00000013,ITEM0148,1,300.0,200.34,45.0,255.0
OI000000074,ORD00000013,ITEM0154,2,350.0,118.6,105.0,595.0
OI000000075,ORD00000013,ITEM0160,2,100.0,44.23,30.0,170.0
OI000000076,ORD00000014,ITEM0014,1,470.0,172.13,0.0,470.0
OI000000077,ORD00000014,ITEM0060,1,750.0,305.45,0.0,750.0
OI000000078,ORD00000014,ITEM0083,1,1650.0,664.65,0.0,1650.0
OI000000079,ORD00000014,ITEM0104,1,1100.0,444.97,0.0,1100.0
OI000000080,ORD00000014,ITEM0134,2,150.0,97.79,0.0,300.0
OI000000081,ORD00000014,ITEM0135,1,100.0,65.34,0.0,100.0
OI000000082,ORD00000014,ITEM0143,1,520.0,169.26,0.0,520.0
OI000000083,ORD00000014,ITEM0153,3,40.0,15.78,0.0,120.0
OI000000084,ORD00000015,ITEM0006,2,750.0,275.83,0.0,1500.0
OI000000085,ORD00000015,ITEM0022,1,480.0,164.43,0.0,480.0
OI000000086,ORD00000015,ITEM0033,1,850.0,287.18,0.0,850.0
OI000000087,ORD00000015,ITEM0067,4,300.0,102.15,0.0,1200.0
OI000000088,ORD00000015,ITEM0068,2,650.0,449.04,0.0,1300.0
OI000000089,ORD00000015,ITEM0113,1,470.0,182.39,0.0,470.0
OI000000090,ORD00000015,ITEM0129,1,550.0,174.84,0.0,550.0
OI000000091,ORD00000015,ITEM0148,4,300.0,200.34,0.0,1200.0
OI000000092,ORD00000016,ITEM0023,1,450.0,186.99,0.0,450.0
OI000000093,ORD00000016,ITEM0030,3,250.0,103.59,0.0,750.0
OI000000094,ORD00000016,ITEM0033,1,850.0,287.18,0.0,850.0
OI000000095,ORD00000016,ITEM0082,2,1500.0,645.85,0.0,3000.0
OI000000096,ORD00000016,ITEM0092,1,1150.0,434.13,0.0,1150.0
OI000000097,ORD00000016,ITEM0124,1,180.0,123.74,0.0,180.0
OI000000098,ORD00000017,ITEM0002,1,200.0,67.63,0.0,200.0
OI000000099,ORD00000017,ITEM0124,1,180.0,123.74,0.0,180.0
OI000000100,ORD00000017,ITEM0148,1,300.0,200.34,0.0,300.0
OI000000101,ORD00000017,ITEM0151,4,60.0,40.23,0.0,240.0
OI000000102,ORD00000018,ITEM0034,1,950.0,422.42,0.0,950.0
OI000000103,ORD00000018,ITEM0046,1,2600.0,1025.48,0.0,2600.0
OI000000104,ORD00000018,ITEM0050,1,1650.0,699.44,0.0,1650.0
OI000000105,ORD00000018,ITEM0057,2,650.0,425.65,0.0,1300.0
OI000000106,ORD00000018,ITEM0090,1,1750.0,627.19,0.0,1750.0
OI000000107,ORD00000018,ITEM0100,1,1200.0,514.56,0.0,1200.0
OI000000108,ORD00000018,ITEM0112,1,300.0,131.51,0.0,300.0
OI000000109,ORD00000018,ITEM0125,2,295.0,115.01,0.0,590.0
OI000000110,ORD00000018,ITEM0151,2,60.0,40.23,0.0,120.0
OI000000111,ORD00000019,ITEM0003,1,350.0,133.74,0.0,350.0
OI000000112,ORD00000019,ITEM0047,2,1550.0,589.9,0.0,3100.0
OI000000113,ORD00000019,ITEM0048,1,1400.0,543.12,0.0,1400.0
OI000000114,ORD00000019,ITEM0055,1,680.0,217.9,0.0,680.0
OI000000115,ORD00000019,ITEM0090,1,1750.0,627.19,0.0,1750.0
OI000000116,ORD00000019,ITEM0133,2,170.0,73.21,0.0,340.0
OI000000117,ORD00000019,ITEM0160,2,100.0,44.23,0.0,200.0
OI000000118,ORD00000020,ITEM0040,1,700.0,247.06,0.0,700.0
OI000000119,ORD00000020,ITEM0046,1,2600.0,1025.48,0.0,2600.0
OI000000120,ORD00000020,ITEM0081,1,1450.0,986.58,0.0,1450.0
OI000000121,ORD00000020,ITEM0134,2,150.0,97.79,0.0,300.0
OI000000122,ORD00000020,ITEM2571,2,440.0,139.41,0.0,880.0
OI000000123,ORD00000020,ITEM0151,1,60.0,40.23,0.0,60.0
OI000000124,ORD00000021,ITEM0017,1,650.0,279.7,0.0,650.0
OI000000125,ORD00000021,ITEM0018,1,580.0,222.66,0.0,580.0
OI000000126,ORD00000021,ITEM0047,1,1550.0,589.9,0.0,1550.0
OI000000127,ORD00000021,ITEM0055,1,680.0,217.9,0.0,680.0
OI000000128,ORD00000021,ITEM0058,1,950.0,355.7,0.0,950.0
OI000000129,ORD00000021,ITEM0102,1,1360.0,584.85,0.0,1360.0
OI000000130,ORD00000021,ITEM0105,1,2400.0,796.22,0.0,2400.0
OI000000131,ORD00000022,ITEM0057,5,650.0,425.65,0.0,3250.0
OI000000132,ORD00000022,ITEM0152,3,90.0,36.25,0.0,270.0
OI000000133,ORD00000022,ITEM0154,1,350.0,118.6,0.0,350.0
OI000000134,ORD00000023,ITEM0005,1,400.0,140.09,0.0,400.0
OI000000135,ORD00000023,ITEM0006,1,750.0,275.83,0.0,750.0
OI000000136,ORD00000023,ITEM0021,2,420.0,168.96,0.0,840.0
OI000000137,ORD00000023,ITEM0022,1,480.0,164.43,0.0,480.0
OI000000138,ORD00000023,ITEM0037,5,2200.0,927.83,0.0,11000.0
OI000000139,ORD00000023,ITEM0102,2,1360.0,584.85,0.0,2720.0
OI000000140,ORD00000023,ITEM0125,2,295.0,115.01,0.0,590.0
OI000000141,ORD00000024,ITEM0004,5,550.0,205.81,0.0,2750.0
OI000000142,ORD00000024,ITEM0045,3,1450.0,570.49,0.0,4350.0
OI000000143,ORD00000024,ITEM0051,2,650.0,249.59,0.0,1300.0
OI000000144,ORD00000024,ITEM0065,1,1250.0,459.18,0.0,1250.0
OI000000145,ORD00000024,ITEM0107,2,1350.0,437.09,0.0,2700.0
OI000000146,ORD00000024,ITEM0122,1,650.0,275.68,0.0,650.0
OI000000147,ORD00000024,ITEM0147,2,440.0,139.41,0.0,880.0
OI000000148,ORD00000025,ITEM0008,1,950.0,146.52,142.5,807.5
OI000000149,ORD00000025,ITEM0021,1,420.0,168.96,63.0,357.0
OI000000150,ORD00000025,ITEM0033,2,850.0,287.18,255.0,1445.0
OI000000151,ORD00000025,ITEM0138,1,250.0,103.07,37.5,212.5
OI000000152,ORD00000025,ITEM0160,4,100.0,44.23,60.0,340.0
OI000000153,ORD00000026,ITEM0001,1,250.0,88.66,0.0,250.0
OI000000154,ORD00000026,ITEM0104,1,1100.0,444.97,0.0,1100.0
OI000000155,ORD00000026,ITEM0124,1,180.0,123.74,0.0,180.0
OI000000156,ORD00000026,ITEM0134,1,150.0,97.79,0.0,150.0
OI000000157,ORD00000027,ITEM0041,1,1200.0,476.05,0.0,1200.0
OI000000158,ORD00000027,ITEM0046,1,2600.0,1025.48,0.0,2600.0
OI000000159,ORD00000027,ITEM0070,2,1350.0,591.21,0.0,2700.0
OI000000160,ORD00000027,ITEM0092,2,1150.0,434.13,0.0,2300.0
OI000000161,ORD00000027,ITEM0112,1,300.0,131.51,0.0,300.0
OI000000162,ORD00000027,ITEM0134,1,150.0,97.79,0.0,150.0
OI000000163,ORD00000027,ITEM0142,2,580.0,232.07,0.0,1160.0
OI000000164,ORD00000027,ITEM0154,2,350.0,118.6,0.0,700.0
OI000000165,ORD00000027,ITEM0157,1,750.0,296.36,0.0,750.0
OI000000166,ORD00000028,ITEM0048,1,1400.0,543.12,0.0,1400.0
OI000000167,ORD00000029,ITEM0014,1,470.0,172.13,0.0,470.0
OI000000168,ORD00000029,ITEM0054,1,1210.0,385.9,0.0,1210.0
OI000000169,ORD00000029,ITEM0057,1,650.0,425.65,0.0,650.0
OI000000170,ORD00000029,ITEM0065,1,1250.0,459.18,0.0,1250.0
OI000000171,ORD00000029,ITEM0068,1,650.0,449.04,0.0,650.0
OI000000172,ORD00000029,ITEM0113,1,470.0,182.39,0.0,470.0
OI000000173,ORD00000029,ITEM0119,1,450.0,157.96,0.0,450.0
OI000000174,ORD00000029,ITEM0157,2,750.0,296.36,0.0,1500.0
OI000000175,ORD00000030,ITEM0045,1,1450.0,570.49,0.0,1450.0
OI000000176,ORD00000030,ITEM0046,2,2600.0,1025.48,0.0,5200.0
OI000000177,ORD00000030,ITEM0121,1,350.0,114.6,0.0,350.0
OI000000178,ORD00000030,ITEM0150,2,120.0,45.55,0.0,240.0
OI000000179,ORD00000031,ITEM0023,2,450.0,186.99,0.0,900.0
OI000000180,ORD00000031,ITEM0044,1,1350.0,462.06,0.0,1350.0
OI000000181,ORD00000031,ITEM0066,2,900.0,324.79,0.0,1800.0
OI000000182,ORD00000031,ITEM0083,1,1650.0,664.65,0.0,1650.0
OI000000183,ORD00000031,ITEM0134,1,150.0,97.79,0.0,150.0
OI000000184,ORD00000031,ITEM0135,1,100.0,65.34,0.0,100.0
OI000000185,ORD00000031,ITEM0151,5,60.0,40.23,0.0,300.0
OI000000186,ORD00000032,ITEM0033,1,850.0,287.18,0.0,850.0
OI000000187,ORD00000032,ITEM0055,4,680.0,217.9,0.0,2720.0
OI000000188,ORD00000032,ITEM0059,1,700.0,294.46,0.0,700.0
OI000000189,ORD00000032,ITEM0134,5,150.0,97.79,0.0,750.0
OI000000190,ORD00000032,ITEM0135,1,100.0,65.34,0.0,100.0
OI000000191,ORD00000032,ITEM0151,2,60.0,40.23,0.0,120.0
OI000000192,ORD00000032,ITEM0155,2,200.0,88.6,0.0,400.0
OI000000193,ORD00000033,ITEM0021,1,420.0,168.96,0.0,420.0
OI000000194,ORD00000033,ITEM0049,1,2450.0,1027.31,0.0,2450.0
OI000000195,ORD00000033,ITEM0051,2,650.0,249.59,0.0,1300.0
OI000000196,ORD00000033,ITEM0084,1,1200.0,403.02,0.0,1200.0
OI000000197,ORD00000033,ITEM0152,1,90.0,36.25,0.0,90.0
OI000000198,ORD00000034,ITEM0045,2,1450.0,570.49,0.0,2900.0
OI000000199,ORD00000034,ITEM0054,1,1210.0,385.9,0.0,1210.0
OI000000200,ORD00000034,ITEM0058,1,950.0,355.7,0.0,950.0
