wastage_id,item_id,location_id,date,quantity_wasted,unit,cost_of_waste,reason
WST0000001,ITEM0007,LOC0001,2025-01-01,1.0,pcs,664.76,Overproduction
WST0000002,ITEM0023,LOC0001,2025-01-01,1.0,pcs,186.99,Overproduction
WST0000003,ITEM0028,LOC0001,2025-01-01,1.0,pcs,151.95,Overproduction
WST0000004,ITEM0041,LOC0001,2025-01-01,0.22,kg,349.1,Overproduction
WST0000005,ITEM0042,LOC0001,2025-01-01,0.06,kg,476.82,Overproduction
WST0000006,ITEM0048,LOC0001,2025-01-01,0.27,kg,293.28,Overproduction
WST0000007,ITEM0087,LOC0001,2025-01-01,1.0,pcs,1337.75,CustomerReturn
WST0000008,ITEM0101,LOC0001,2025-01-01,1.0,pcs,383.91,PrepError
WST0000009,ITEM0102,LOC0001,2025-01-01,0.3,kg,501.3,Spoilage
WST0000010,ITEM0106,LOC0001,2025-01-01,0.01,kg,47.4,Spoilage
WST0000011,ITEM0157,LOC0001,2025-01-01,3.0,pcs,889.08,Overproduction
WST0000012,ITEM0007,LOC0002,2025-01-01,1.0,pcs,664.76,Overproduction
WST0000013,ITEM0023,LOC0002,2025-01-01,1.0,pcs,186.99,Spoilage
WST0000014,ITEM0033,LOC0002,2025-01-01,0.26,kg,248.89,PrepError
WST0000015,ITEM0046,LOC0002,2025-01-01,0.21,kg,430.7,Overproduction
WST0000016,ITEM0048,LOC0002,2025-01-01,0.58,kg,630.02,Expired
WST0000017,ITEM0068,LOC0002,2025-01-01,1.0,pcs,449.04,Overproduction
WST0000018,ITEM0103,LOC0002,2025-01-01,0.04,kg,134.74,Overproduction
WST0000019,ITEM0118,LOC0002,2025-01-01,1.0,pcs,312.06,Overproduction
WST0000020,ITEM0156,LOC0002,2025-01-01,1.0,pcs,43.1,Spoilage
WST0000021,ITEM0033,LOC0003,2025-01-01,1.07,kg,1024.28,Spoilage
WST0000022,ITEM0041,LOC0003,2025-01-01,0.13,kg,206.29,Spoilage
WST0000023,ITEM0067,LOC0003,2025-01-01,0.04,kg,10.22,Overproduction
WST0000024,ITEM0099,LOC0003,2025-01-01,1.0,pcs,446.14,Spoilage
WST0000025,ITEM0121,LOC0003,2025-01-01,1.0,pcs,114.6,Overproduction
WST0000026,ITEM0134,LOC0003,2025-01-01,0.66,liters,184.4,Expired
WST0000027,ITEM0150,LOC0003,2025-01-01,1.0,pcs,45.55,Overproduction
WST0000028,ITEM0003,LOC0004,2025-01-01,2.0,pcs,267.48,Expired
WST0000029,ITEM0009,LOC0004,2025-01-01,1.0,pcs,166.2,PrepError
WST0000030,ITEM0023,LOC0004,2025-01-01,2.0,pcs,373.98,Spoilage
WST0000031,ITEM0045,LOC0004,2025-01-01,1.26,kg,1437.63,Spoilage
WST0000032,ITEM0046,LOC0004,2025-01-01,0.75,kg,1538.22,Overproduction
WST0000033,ITEM0048,LOC0004,2025-01-01,2.24,kg,2433.18,Spoilage
WST0000034,ITEM0093,LOC0004,2025-01-01,1.0,pcs,377.21,Overproduction
WST0000035,ITEM0023,LOC0005,2025-01-01,1.0,pcs,186.99,Overproduction
WST0000036,ITEM0033,LOC0005,2025-01-01,0.28,kg,268.03,Spoilage
WST0000037,ITEM0044,LOC0005,2025-01-01,0.02,kg,30.8,Expired
WST0000038,ITEM0046,LOC0005,2025-01-01,0.39,kg,799.87,Overproduction
WST0000039,ITEM0048,LOC0005,2025-01-01,0.22,kg,238.97,Spoilage
WST0000040,ITEM0118,LOC0005,2025-01-01,1.0,pcs,312.06,Overproduction
WST0000041,ITEM0137,LOC0005,2025-01-01,0.03,liters,9.13,Overproduction
WST0000042,ITEM0153,LOC0005,2025-01-01,1.0,pcs,15.78,Expired
WST0000043,ITEM0023,LOC0006,2025-01-01,5.0,pcs,186.99,Expired
WST0000044,ITEM0033,LOC0006,2025-01-01,0.45,kg,430.77,Spoilage
WST0000045,ITEM0045,LOC0006,2025-01-01,0.28,kg,319.47,Overproduction
WST0000046,ITEM0046,LOC0006,2025-01-01,0.25,kg,512.74,Overproduction
WST0000047,ITEM0118,LOC0006,2025-01-01,1.0,pcs,312.06,Spoilage
WST0000048,ITEM0146,LOC0006,2025-01-01,0.01,liters,5.38,Expired
WST0000049,ITEM0030,LOC0007,2025-01-01,1.0,pcs,103.59,Expired
WST0000050,ITEM0033,LOC0007,2025-01-01,0.15,kg,143.59,Expired
WST0000051,ITEM0046,LOC0007,2025-01-01,0.86,kg,1763.83,Overproduction
WST0000052,ITEM0048,LOC0007,2025-01-01,0.91,kg,988.48,Spoilage
WST0000053,ITEM0110,LOC0007,2025-01-01,0.03,kg,45.1,Overproduction
WST0000054,ITEM0124,LOC0007,2025-01-01,0.09,ltr,44.55,Overproduction
WST0000055,ITEM0141,LOC0007,2025-01-01,0.11,liters,49.34,CustomerReturn
WST0000056,ITEM0158,LOC0007,2025-01-01,1.0,pcs,143.84,Overproduction
WST0000057,ITEM0007,LOC0008,2025-01-01,1.0,pieces,664.76,Overproduction
WST0000058,ITEM0023,LOC0008,2025-01-01,1.0,pcs,186.99,Overproduction
WST0000059,ITEM0128,LOC0008,2025-01-01,1.29,liters,15.83,Expired
WST0000060,ITEM0138,LOC0008,2025-01-01,0.19,liters,55.95,PrepError
WST0000061,ITEM0023,LOC0009,2025-01-01,1.0,pcs,186.99,Overproduction
WST0000062,ITEM0033,LOC0009,2025-01-01,0.19,kg,181.88,Overproduction
WST0000063,ITEM0046,LOC0009,2025-01-01,0.95,kg,1948.41,Overproduction
WST0000064,ITEM0102,LOC0009,2025-01-01,0.08,kg,133.68,Overproduction
WST0000065,ITEM0103,LOC0009,2025-01-01,0.03,kg,101.05,Expired
WST0000066,ITEM0124,LOC0009,2025-01-01,0.16,liters,79.19,Expired
WST0000067,ITEM0023,LOC0010,2025-01-01,1.0,pcs,186.99,Expired
WST0000068,ITEM0045,LOC0010,2025-01-01,2.16,kg,2464.52,PrepError
WST0000069,ITEM0046,LOC0010,2025-01-01,0.16,kg,328.15,Spoilage
WST0000070,ITEM0085,LOC0010,2025-01-01,1.0,pcs,614.53,Overproduction
WST0000071,ITEM0105,LOC0010,2025-01-01,0.01,kg,22.75,Overproduction
WST0000072,ITEM0109,LOC0010,2025-01-01,0.01,kg,14.03,Expired
WST0000073,ITEM0137,LOC0010,2025-01-01,0.11,liters,33.49,Overproduction
WST0000074,ITEM0142,LOC0010,2025-01-01,0.06,liters,39.78,Spoilage
WST0000075,ITEM0143,LOC0010,2025-01-01,0.35,liters,169.26,Overproduction
WST0000076,ITEM0155,LOC0010,2025-01-01,1.0,pcs,88.6,Overproduction
WST0000077,ITEM0158,LOC0010,2025-01-01,1.0,pcs,143.84,CustomerReturn
WST0000078,ITEM0015,LOC0011,2025-01-01,0.01,liters,5.8,Overproduction
WST0000079,ITEM0016,LOC0011,2025-01-01,0.01,liters,6.75,Overproduction
WST0000080,ITEM0018,LOC0011,2025-01-01,0.01,liters,7.42,CustomerReturn
WST0000081,ITEM0026,LOC0011,2025-01-01,1.0,pcs,224.58,Overproduction
WST0000082,ITEM0033,LOC0011,2025-01-01,0.16,kg,153.16,Overproduction
WST0000083,ITEM0034,LOC0011,2025-01-01,0.02,kg,28.16,Overproduction
WST0000084,ITEM0040,LOC0011,2025-01-01,0.02,kg,16.47,PrepError
WST0000085,ITEM0048,LOC0011,2025-01-01,0.61,kg,662.61,Spoilage
WST0000086,ITEM0118,LOC0011,2025-01-01,1.0,pcs,312.06,Overproduction
WST0000087,ITEM0127,LOC0011,2025-01-01,0.02,liters,5.86,Expired
WST0000088,ITEM0130,LOC0011,2025-01-01,0.04,liters,13.57,Overproduction
WST0000089,ITEM0131,LOC0011,2025-01-01,0.04,liters,23.35,Spoilage
WST0000090,ITEM0139,LOC0011,2025-01-01,0.06,liters,10.88,Overproduction
WST0000091,ITEM0019,LOC0012,2025-01-01,0.03,liters,14.86,Overproduction
WST0000092,ITEM0023,LOC0012,2025-01-01,1.0,pcs,186.99,Spoilage
WST0000093,ITEM0040,LOC0012,2025-01-01,0.04,kg,32.94,Expired
WST0000094,ITEM0045,LOC0012,2025-01-01,1.13,kg,1289.31,Overproduction
WST0000095,ITEM0055,LOC0012,2025-01-01,0.22,kg,95.88,Overproduction
WST0000096,ITEM0075,LOC0012,2025-01-01,1.0,Pcs,252.86,Overproduction
WST0000097,ITEM0102,LOC0012,2025-01-01,0.24,kg,401.04,Spoilage
WST0000098,ITEM0130,LOC0012,2025-01-01,0.06,liters,20.36,Overproduction
WST0000099,ITEM0141,LOC0012,2025-01-01,0.04,liters,17.94,CustomerReturn
WST0000100,ITEM0005,LOC0013,2025-01-01,1.0,pcs,140.09,CustomerReturn
WST0000101,ITEM0023,LOC0013,2025-01-01,1.0,pcs,186.99,Overproduction
WST0000102,ITEM0033,LOC0013,2025-01-01,1.08,kg,1033.85,Overproduction
WST0000103,ITEM0045,LOC0013,2025-01-01,1.27,kg,1449.04,Overproduction
WST0000104,ITEM0046,LOC0013,2025-01-01,0.67,kg,1374.14,Overproduction
WST0000105,ITEM0048,LOC0013,2025-01-01,1.03,kg,1118.83,Overproduction
WST0000106,ITEM0057,LOC0013,2025-01-01,0.12,kg,127.7,PrepError
WST0000107,ITEM0095,LOC0013,2025-01-01,1.0,pcs,463.73,Overproduction
WST0000108,ITEM0111,LOC0013,2025-01-01,1.0,pcs,86.44,Overproduction
WST0000109,ITEM0157,LOC0013,2025-01-01,1.0,pcs,296.36,Overproduction
WST0000110,ITEM0044,LOC0014,2025-01-01,0.03,kg,46.21,Overproduction
WST0000111,ITEM0045,LOC0014,2025-01-01,1.36,kg,1551.73,Spoilage
WST0000112,ITEM0061,LOC0014,2025-01-01,0.11,kg,94.93,Overproduction
WST0000113,ITEM0068,LOC0014,2025-01-01,2.0,pcs,898.08,Overproduction
WST0000114,ITEM0092,LOC0014,2025-01-01,1.0,pcs,434.13,Overproduction
WST0000115,ITEM0102,LOC0014,2025-01-01,0.11,kg,183.81,Spoilage
WST0000116,ITEM0137,LOC0014,2025-01-01,0.07,liters,21.31,PrepError
WST0000117,ITEM0148,LOC0014,2025-01-01,4.0,pcs,801.36,PrepError
WST0000118,ITEM0023,LOC0015,2025-01-01,1.0,pcs,186.99,Overproduction
WST0000119,ITEM0061,LOC0015,2025-01-01,0.06,kg,51.78,Expired
WST0000120,ITEM0102,LOC0015,2025-01-01,1.25,kg,2088.75,Spoilage
WST0000121,ITEM0118,LOC0015,2025-01-01,1.0,pc,312.06,Overproduction
WST0000122,ITEM0129,LOC0015,2025-01-01,0.06,liters,41.96,PrepError
WST0000123,ITEM0141,LOC0015,2025-01-01,0.12,liters,53.83,CustomerReturn
WST0000124,ITEM0159,LOC0015,2025-01-01,1.0,pcs,181.98,Spoilage
WST0000125,ITEM0030,LOC0016,2025-01-01,1.0,pcs,103.59,Overproduction
WST0000126,ITEM0033,LOC0016,2025-01-01,0.1,kg,95.73,Overproduction
WST0000127,ITEM0048,LOC0016,2025-01-01,1.29,kg,1401.25,Overproduction
WST0000128,ITEM0102,LOC0016,2025-01-01,1.98,kg,3308.58,Expired
WST0000129,ITEM0004,LOC0017,2025-01-01,1.0,pcs,205.81,Overproduction
WST0000130,ITEM0023,LOC0017,2025-01-01,1.0,pcs,186.99,Overproduction
WST0000131,ITEM0134,LOC0017,2025-01-01,0.05,liters,13.97,Overproduction
WST0000132,ITEM0015,LOC0018,2025-01-01,0.06,liters,34.82,Overproduction
WST0000133,ITEM0033,LOC0018,2025-01-01,0.09,kg,86.15,PrepError
WST0000134,ITEM0046,LOC0018,2025-01-01,0.57,kg,1169.05,Overproduction
WST0000135,ITEM0048,LOC0018,2025-01-01,0.69,kg,749.51,Overproduction
WST0000136,ITEM0107,LOC0018,2025-01-01,0.02,kg,24.98,CustomerReturn
WST0000137,ITEM0109,LOC0374,2025-01-01,0.11,kg,154.3,Overproduction
WST0000138,ITEM0126,LOC0018,2025-01-01,0.1,liters,25.74,Overproduction
WST0000139,ITEM0001,LOC0019,2025-01-01,1.0,pcs,88.66,Expired
WST0000140,ITEM0005,LOC0019,2025-01-01,1.0,pcs,140.09,Expired
WST0000141,ITEM0007,LOC0019,2025-01-01,1.0,pcs,664.76,Overproduction
WST0000142,ITEM0023,LOC0019,2025-01-01,1.0,pcs,186.99,Spoilage
WST0000143,ITEM0024,LOC0019,2025-01-01,1.0,pcs,259.73,Expired
WST0000144,ITEM0036,LOC0019,2025-01-01,0.01,kg,10.59,Overproduction
WST0000145,ITEM0045,LOC0019,2025-01-01,0.28,kg,319.47,Expired
WST0000146,ITEM0046,LOC0019,2025-01-01,0.57,kg,1169.05,Overproduction
WST0000147,ITEM0047,LOC0019,2025-01-01,0.09,kg,106.18,Overproduction
WST0000148,ITEM0048,LOC0019,2025-01-01,0.21,kg,228.11,Overproduction
WST0000149,ITEM0085,LOC0019,2025-01-01,1.0,pcs,614.53,Overproduction
WST0000150,ITEM0102,LOC0019,2025-01-01,0.06,kg,100.26,Overproduction
WST0000151,ITEM0110,LOC0019,2025-01-01,0.01,kg,15.03,PrepError
WST0000152,ITEM0122,LOC0019,2025-01-01,1.0,pcs,275.68,Overproduction
WST0000153,ITEM0133,LOC0019,2025-01-01,0.03,liters,8.79,Overproduction
WST0000154,ITEM0157,LOC0019,2025-01-01,1.0,pcs,296.36,CustomerReturn
WST0000155,ITEM0005,LOC0020,2025-01-01,1.0,pcs,140.09,PrepError
WST0000156,ITEM0023,LOC0020,2025-01-01,1.0,pcs,186.99,Expired
WST0000157,ITEM0034,LOC0020,2025-01-01,0.01,kg,14.08,Spoilage
WST0000158,ITEM0042,LOC0020,2025-01-01,0.01,kg,79.47,Overproduction
WST0000159,ITEM0045,LOC0020,2025-01-01,0.63,kg,718.82,Overproduction
WST0000160,ITEM0048,LOC0020,2025-01-01,1.76,kg,1911.78,Spoilage
WST0000161,ITEM0069,LOC0020,2025-01-01,1.0,pcs,375.44,Overproduction
WST0000162,ITEM0125,LOC0020,2025-01-01,0.1,liters,46.0,Overproduction
WST0000163,ITEM0023,LOC0021,2025-01-01,1.0,pcs,186.99,Expired
WST0000164,ITEM0033,LOC0021,2025-01-01,0.15,kg,143.59,PrepError
WST0000165,ITEM0034,LOC0021,2025-01-01,0.03,kg,42.24,Overproduction
WST0000166,ITEM0048,LOC0021,2025-01-01,0.34,kg,369.32,PrepError
WST0000167,ITEM0081,LOC0021,2025-01-01,1.0,pcs,986.58,Spoilage
WST0000168,ITEM0124,LOC0021,2025-01-01,0.01,liters,4.95,Spoilage
WST0000169,ITEM0136,LOC0021,2025-01-01,0.17,liters,75.43,Overproduction
WST0000170,ITEM0007,LOC0022,2025-01-01,1.0,pcs,664.76,CustomerReturn
WST0000171,ITEM0042,LOC0022,2025-01-01,0.03,kg,238.41,Overproduction
WST0000172,ITEM0043,LOC0022,2025-01-01,0.01,kg,64.02,PrepError
WST0000173,ITEM0045,LOC0022,2025-01-01,1.78,kg,2030.94,Expired
WST0000174,ITEM0048,LOC0022,2025-01-01,0.95,kg,1031.93,Overproduction
WST0000175,ITEM0049,LOC0022,2025-01-01,0.1,kg,205.46,PrepError
WST0000176,ITEM0102,LOC0022,2025-01-01,0.35,kg,584.85,Overproduction
WST0000177,ITEM0135,LOC0022,2025-01-01,0.05,liters,9.33,Spoilage
WST0000178,ITEM0045,LOC0023,2025-01-01,0.71,kg,810.1,Spoilage
WST0000179,ITEM0048,LOC0023,2025-01-01,1.63,kg,1770.57,PrepError
WST0000180,ITEM0068,LOC0023,2025-01-01,2.0,pcs,898.08,Expired
WST0000181,ITEM0094,LOC0023,2025-01-01,1.0,pcs,637.13,Overproduction
WST0000182,ITEM0099,LOC0023,2025-01-01,1.0,pcs,446.14,CustomerReturn
WST0000183,ITEM0102,LOC0023,2025-01-01,1.03,kg,1721.13,Spoilage
WST0000184,ITEM0104,LOC0023,2025-01-01,0.01,kg,12.71,Spoilage
WST0000185,ITEM0108,LOC0023,2025-01-01,0.02,kg,33.12,Spoilage
WST0000186,ITEM0006,LOC0024,2025-01-01,1.0,pcs,275.83,Spoilage
WST0000187,ITEM0023,LOC0024,2025-01-01,1.0,pcs,186.99,Overproduction
WST0000188,ITEM0046,LOC0024,2025-01-01,0.2,kg,410.19,Overproduction
WST0000189,ITEM0048,LOC0024,2025-01-01,1.19,kg,1292.63,Overproduction
WST0000190,ITEM0070,LOC0024,2025-01-01,1.0,pcs,591.21,Overproduction
WST0000191,ITEM0087,LOC0024,2025-01-01,1.0,pcs,1337.75,Expired
WST0000192,ITEM0102,LOC0024,2025-01-01,0.06,kg,100.26,Overproduction
WST0000193,ITEM0033,LOC0025,2025-02-30,0.11,kg,105.3,Overproduction
WST0000194,ITEM0045,LOC0025,2025-01-01,0.27,kg,308.06,Overproduction
WST0000195,ITEM0048,LOC0025,2025-01-01,0.95,kg,1031.93,Expired
WST0000196,ITEM0059,LOC0025,2025-01-01,0.03,kg,22.08,Expired
WST0000197,ITEM0081,LOC0025,2025-01-01,1.0,pcs,986.58,Expired
WST0000198,ITEM0102,LOC0025,2025-01-01,0.26,kg,434.46,Overproduction
WST0000199,ITEM0007,LOC0001,2025-01-02,1.0,pcs,664.76,Spoilage
WST0000200,ITEM0012,LOC0001,2025-01-02,1.0,pcs,376.85,Expired
